node_id,day_utc,node_reward_type,region,dc_id,node_status,performance_multiplier,base_rewards_xdr_permyriad,adjusted_rewards_xdr_permyriad,subnet_assigned,subnet_assigned_failure_rate,num_blocks_proposed,num_blocks_failed,original_failure_rate,relative_failure_rate,extrapolated_failure_rate
24fcm-3onfs-cykax-al4jb-gvdd3-u76zl-ht6ef-hcsbc-xwf54-xbrym-xae,2025-12-14,type3.1,"Europe,LT,Vilnius",bt1,Assigned,1,458272.4400410678,458272.4400410678,tdb26-jop6k-aogll-7ltgs-eruif-6kk7m-qpktf-gdiqx-mxtrf-vb5e6-eqe,0.0018832391713747647,3893,10,0.0025621316935690495,0.0006788925221942849,
24fcm-3onfs-cykax-al4jb-gvdd3-u76zl-ht6ef-hcsbc-xwf54-xbrym-xae,2025-12-15,type3.1,"Europe,LT,Vilnius",bt1,Assigned,1,458272.4400410678,458272.4400410678,tdb26-jop6k-aogll-7ltgs-eruif-6kk7m-qpktf-gdiqx-mxtrf-vb5e6-eqe,0.003207698476343224,3757,2,0.0005320563979781857,0,
24fcm-3onfs-cykax-al4jb-gvdd3-u76zl-ht6ef-hcsbc-xwf54-xbrym-xae,2025-12-16,type3.1,"Europe,LT,Vilnius",bt1,Assigned,1,458272.4400410678,458272.4400410678,tdb26-jop6k-aogll-7ltgs-eruif-6kk7m-qpktf-gdiqx-mxtrf-vb5e6-eqe,0.0015155342258145997,3866,7,0.0018073844564936742,0.00029185023067907455,
24fcm-3onfs-cykax-al4jb-gvdd3-u76zl-ht6ef-hcsbc-xwf54-xbrym-xae,2025-12-17,type3.1,"Europe,LT,Vilnius",bt1,Assigned,1,458272.4400410678,458272.4400410678,tdb26-jop6k-aogll-7ltgs-eruif-6kk7m-qpktf-gdiqx-mxtrf-vb5e6-eqe,0.002683123155352831,3750,10,0.0026595744680851068,0,
24fcm-3onfs-cykax-al4jb-gvdd3-u76zl-ht6ef-hcsbc-xwf54-xbrym-xae,2025-12-18,type3.1,"Europe,LT,Vilnius",bt1,Assigned,1,458272.4400410678,458272.4400410678,tdb26-jop6k-aogll-7ltgs-eruif-6kk7m-qpktf-gdiqx-mxtrf-vb5e6-eqe,0.0023734177215189874,3814,13,0.00339691664489156,0.0010234989233725725,
24fcm-3onfs-cykax-al4jb-gvdd3-u76zl-ht6ef-hcsbc-xwf54-xbrym-xae,2025-12-19,type3.1,"Europe,LT,Vilnius",bt1,Assigned,1,458272.4400410678,458272.4400410678,tdb26-jop6k-aogll-7ltgs-eruif-6kk7m-qpktf-gdiqx-mxtrf-vb5e6-eqe,0.0010397712503249286,3843,4,0.0010397712503249286,0,
24fcm-3onfs-cykax-al4jb-gvdd3-u76zl-ht6ef-hcsbc-xwf54-xbrym-xae,2025-12-20,type3.1,"Europe,LT,Vilnius",bt1,Assigned,1,458272.4400410678,458272.4400410678,tdb26-jop6k-aogll-7ltgs-eruif-6kk7m-qpktf-gdiqx-mxtrf-vb5e6-eqe,0.0015868817773075905,3813,19,0.004958246346555324,0.003371364569247733,
24fcm-3onfs-cykax-al4jb-gvdd3-u76zl-ht6ef-hcsbc-xwf54-xbrym-xae,2025-12-21,type3.1,"Europe,LT,Vilnius",bt1,Assigned,1,458272.4400410678,458272.4400410678,tdb26-jop6k-aogll-7ltgs-eruif-6kk7m-qpktf-gdiqx-mxtrf-vb5e6-eqe,0.0023455824863174357,3822,17,0.004428236519927064,0.0020826540336096287,
24fcm-3onfs-cykax-al4jb-gvdd3-u76zl-ht6ef-hcsbc-xwf54-xbrym-xae,2025-12-22,type3.1,"Europe,LT,Vilnius",bt1,Assigned,1,458272.4400410678,458272.4400410678,tdb26-jop6k-aogll-7ltgs-eruif-6kk7m-qpktf-gdiqx-mxtrf-vb5e6-eqe,0.0025926886180969665,3878,1,0.0002577984016499098,0,
24fcm-3onfs-cykax-al4jb-gvdd3-u76zl-ht6ef-hcsbc-xwf54-xbrym-xae,2025-12-23,type3.1,"Europe,LT,Vilnius",bt1,Assigned,1,458272.4400410678,458272.4400410678,tdb26-jop6k-aogll-7ltgs-eruif-6kk7m-qpktf-gdiqx-mxtrf-vb5e6-eqe,0.001530221882172915,3967,7,0.0017614494212380475,0.00023122753906513227,
24fcm-3onfs-cykax-al4jb-gvdd3-u76zl-ht6ef-hcsbc-xwf54-xbrym-xae,2025-12-24,type3.1,"Europe,LT,Vilnius",bt1,Assigned,1,458272.4400410678,458272.4400410678,tdb26-jop6k-aogll-7ltgs-eruif-6kk7m-qpktf-gdiqx-mxtrf-vb5e6-eqe,0.0012836970474967909,3875,13,0.0033436213991769547,0.002059924351680164,
24fcm-3onfs-cykax-al4jb-gvdd3-u76zl-ht6ef-hcsbc-xwf54-xbrym-xae,2025-12-25,type3.1,"Europe,LT,Vilnius",bt1,Assigned,1,458272.4400410678,458272.4400410678,tdb26-jop6k-aogll-7ltgs-eruif-6kk7m-qpktf-gdiqx-mxtrf-vb5e6-eqe,0.002077922077922078,3997,1,0.0002501250625312656,0,
24fcm-3onfs-cykax-al4jb-gvdd3-u76zl-ht6ef-hcsbc-xwf54-xbrym-xae,2025-12-26,type3.1,"Europe,LT,Vilnius",bt1,Assigned,1,458272.4400410678,458272.4400410678,tdb26-jop6k-aogll-7ltgs-eruif-6kk7m-qpktf-gdiqx-mxtrf-vb5e6-eqe,0.0025926886180969665,3850,3,0.0007786140669608098,0,
24fcm-3onfs-cykax-al4jb-gvdd3-u76zl-ht6ef-hcsbc-xwf54-xbrym-xae,2025-12-27,type3.1,"Europe,LT,Vilnius",bt1,Assigned,1,458272.4400410678,458272.4400410678,tdb26-jop6k-aogll-7ltgs-eruif-6kk7m-qpktf-gdiqx-mxtrf-vb5e6-eqe,0.0010493179433368313,3843,4,0.0010397712503249286,0,
24fcm-3onfs-cykax-al4jb-gvdd3-u76zl-ht6ef-hcsbc-xwf54-xbrym-xae,2025-12-28,type3.1,"Europe,LT,Vilnius",bt1,Assigned,1,458272.4400410678,458272.4400410678,tdb26-jop6k-aogll-7ltgs-eruif-6kk7m-qpktf-gdiqx-mxtrf-vb5e6-eqe,0.0013635124079629127,3655,1,0.00027352297592997816,0,
24fcm-3onfs-cykax-al4jb-gvdd3-u76zl-ht6ef-hcsbc-xwf54-xbrym-xae,2025-12-29,type3.1,"Europe,LT,Vilnius",bt1,Assigned,1,458272.4400410678,458272.4400410678,tdb26-jop6k-aogll-7ltgs-eruif-6kk7m-qpktf-gdiqx-mxtrf-vb5e6-eqe,0.002862049227246709,3499,23,0.00653038046564452,0.0036683312383978114,
24fcm-3onfs-cykax-al4jb-gvdd3-u76zl-ht6ef-hcsbc-xwf54-xbrym-xae,2025-12-30,type3.1,"Europe,LT,Vilnius",bt1,Assigned,1,458272.4400410678,458272.4400410678,tdb26-jop6k-aogll-7ltgs-eruif-6kk7m-qpktf-gdiqx-mxtrf-vb5e6-eqe,0.0037692084662220935,3480,4,0.001148105625717566,0,
24fcm-3onfs-cykax-al4jb-gvdd3-u76zl-ht6ef-hcsbc-xwf54-xbrym-xae,2025-12-31,type3.1,"Europe,LT,Vilnius",bt1,Assigned,1,458272.4400410678,458272.4400410678,tdb26-jop6k-aogll-7ltgs-eruif-6kk7m-qpktf-gdiqx-mxtrf-vb5e6-eqe,0.0005680204487361545,3553,0,0,0,
24fcm-3onfs-cykax-al4jb-gvdd3-u76zl-ht6ef-hcsbc-xwf54-xbrym-xae,2026-1-1,type3.1,"Europe,LT,Vilnius",bt1,Assigned,1,458272.4400410678,458272.4400410678,tdb26-jop6k-aogll-7ltgs-eruif-6kk7m-qpktf-gdiqx-mxtrf-vb5e6-eqe,0.002185792349726776,3536,2,0.0005652911249293386,0,
24fcm-3onfs-cykax-al4jb-gvdd3-u76zl-ht6ef-hcsbc-xwf54-xbrym-xae,2026-1-2,type3.1,"Europe,LT,Vilnius",bt1,Assigned,1,458272.4400410678,458272.4400410678,tdb26-jop6k-aogll-7ltgs-eruif-6kk7m-qpktf-gdiqx-mxtrf-vb5e6-eqe,0.004439511653718092,3654,3,0.0008203445447087777,0,
24fcm-3onfs-cykax-al4jb-gvdd3-u76zl-ht6ef-hcsbc-xwf54-xbrym-xae,2026-1-3,type3.1,"Europe,LT,Vilnius",bt1,Assigned,1,458272.4400410678,458272.4400410678,tdb26-jop6k-aogll-7ltgs-eruif-6kk7m-qpktf-gdiqx-mxtrf-vb5e6-eqe,0.007344300822561693,3391,39,0.011370262390670554,0.004025961568108862,
24fcm-3onfs-cykax-al4jb-gvdd3-u76zl-ht6ef-hcsbc-xwf54-xbrym-xae,2026-1-4,type3.1,"Europe,LT,Vilnius",bt1,Assigned,1,458272.4400410678,458272.4400410678,tdb26-jop6k-aogll-7ltgs-eruif-6kk7m-qpktf-gdiqx-mxtrf-vb5e6-eqe,0.008016032064128258,3519,9,0.002551020408163265,0,
24fcm-3onfs-cykax-al4jb-gvdd3-u76zl-ht6ef-hcsbc-xwf54-xbrym-xae,2026-1-5,type3.1,"Europe,LT,Vilnius",bt1,Assigned,1,458272.4400410678,458272.4400410678,tdb26-jop6k-aogll-7ltgs-eruif-6kk7m-qpktf-gdiqx-mxtrf-vb5e6-eqe,0.005054759898904802,3641,1,0.0002745744096650193,0,
24fcm-3onfs-cykax-al4jb-gvdd3-u76zl-ht6ef-hcsbc-xwf54-xbrym-xae,2026-1-6,type3.1,"Europe,LT,Vilnius",bt1,Assigned,1,458272.4400410678,458272.4400410678,tdb26-jop6k-aogll-7ltgs-eruif-6kk7m-qpktf-gdiqx-mxtrf-vb5e6-eqe,0.008958566629339308,3550,3,0.0008443568815085843,0,
24fcm-3onfs-cykax-al4jb-gvdd3-u76zl-ht6ef-hcsbc-xwf54-xbrym-xae,2026-1-7,type3.1,"Europe,LT,Vilnius",bt1,Assigned,1,458272.4400410678,458272.4400410678,tdb26-jop6k-aogll-7ltgs-eruif-6kk7m-qpktf-gdiqx-mxtrf-vb5e6-eqe,0.0035144633684779675,3785,0,0,0,
24fcm-3onfs-cykax-al4jb-gvdd3-u76zl-ht6ef-hcsbc-xwf54-xbrym-xae,2026-1-8,type3.1,"Europe,LT,Vilnius",bt1,Assigned,1,458272.4400410678,458272.4400410678,tdb26-jop6k-aogll-7ltgs-eruif-6kk7m-qpktf-gdiqx-mxtrf-vb5e6-eqe,0.002391708743024183,3811,3,0.0007865757734661773,0,
24fcm-3onfs-cykax-al4jb-gvdd3-u76zl-ht6ef-hcsbc-xwf54-xbrym-xae,2026-1-9,type3.1,"Europe,LT,Vilnius",bt1,Assigned,1,458272.4400410678,458272.4400410678,tdb26-jop6k-aogll-7ltgs-eruif-6kk7m-qpktf-gdiqx-mxtrf-vb5e6-eqe,0.001092001092001092,3709,1,0.00026954177897574127,0,
24fcm-3onfs-cykax-al4jb-gvdd3-u76zl-ht6ef-hcsbc-xwf54-xbrym-xae,2026-1-10,type3.1,"Europe,LT,Vilnius",bt1,Assigned,1,458272.4400410678,458272.4400410678,tdb26-jop6k-aogll-7ltgs-eruif-6kk7m-qpktf-gdiqx-mxtrf-vb5e6-eqe,0.0020741508944775735,3833,0,0,0,
24fcm-3onfs-cykax-al4jb-gvdd3-u76zl-ht6ef-hcsbc-xwf54-xbrym-xae,2026-1-11,type3.1,"Europe,LT,Vilnius",bt1,Assigned,1,458272.4400410678,458272.4400410678,tdb26-jop6k-aogll-7ltgs-eruif-6kk7m-qpktf-gdiqx-mxtrf-vb5e6-eqe,0.002773575390821987,3858,0,0,0,
24fcm-3onfs-cykax-al4jb-gvdd3-u76zl-ht6ef-hcsbc-xwf54-xbrym-xae,2026-1-12,type3.1,"Europe,LT,Vilnius",bt1,Assigned,1,458272.4400410678,458272.4400410678,tdb26-jop6k-aogll-7ltgs-eruif-6kk7m-qpktf-gdiqx-mxtrf-vb5e6-eqe,0.0017378351539225423,3875,0,0,0,
c2ewt-wic55-asi27-6eoeu-rn7bq-xjzmz-dzxg2-pxrfw-qeinw-yrj52-7ae,2025-12-14,type3.1,"Europe,LT,Vilnius",bt1,Assigned,1,458272.4400410678,458272.4400410678,pzp6e-ekpqk-3c5x7-2h6so-njoeq-mt45d-h3h6c-q3mxf-vpeq5-fk5o7-yae,0.0045701849836779105,4547,20,0.004379242391066345,0,
c2ewt-wic55-asi27-6eoeu-rn7bq-xjzmz-dzxg2-pxrfw-qeinw-yrj52-7ae,2025-12-15,type3.1,"Europe,LT,Vilnius",bt1,Assigned,1,458272.4400410678,458272.4400410678,pzp6e-ekpqk-3c5x7-2h6so-njoeq-mt45d-h3h6c-q3mxf-vpeq5-fk5o7-yae,0.009263657957244657,4192,14,0.0033285782215882074,0,
c2ewt-wic55-asi27-6eoeu-rn7bq-xjzmz-dzxg2-pxrfw-qeinw-yrj52-7ae,2025-12-16,type3.1,"Europe,LT,Vilnius",bt1,Assigned,1,458272.4400410678,458272.4400410678,pzp6e-ekpqk-3c5x7-2h6so-njoeq-mt45d-h3h6c-q3mxf-vpeq5-fk5o7-yae,0.005505505505505506,4110,22,0.005324298160696999,0,
c2ewt-wic55-asi27-6eoeu-rn7bq-xjzmz-dzxg2-pxrfw-qeinw-yrj52-7ae,2025-12-17,type3.1,"Europe,LT,Vilnius",bt1,Assigned,1,458272.4400410678,458272.4400410678,pzp6e-ekpqk-3c5x7-2h6so-njoeq-mt45d-h3h6c-q3mxf-vpeq5-fk5o7-yae,0.005120327700972862,3846,13,0.0033687483804094327,0,
c2ewt-wic55-asi27-6eoeu-rn7bq-xjzmz-dzxg2-pxrfw-qeinw-yrj52-7ae,2025-12-18,type3.1,"Europe,LT,Vilnius",bt1,Assigned,1,458272.4400410678,458272.4400410678,pzp6e-ekpqk-3c5x7-2h6so-njoeq-mt45d-h3h6c-q3mxf-vpeq5-fk5o7-yae,0.005896805896805897,4230,14,0.003298774740810556,0,
c2ewt-wic55-asi27-6eoeu-rn7bq-xjzmz-dzxg2-pxrfw-qeinw-yrj52-7ae,2025-12-19,type3.1,"Europe,LT,Vilnius",bt1,Assigned,1,458272.4400410678,458272.4400410678,pzp6e-ekpqk-3c5x7-2h6so-njoeq-mt45d-h3h6c-q3mxf-vpeq5-fk5o7-yae,0.009015594541910333,4146,6,0.0014450867052023123,0,
c2ewt-wic55-asi27-6eoeu-rn7bq-xjzmz-dzxg2-pxrfw-qeinw-yrj52-7ae,2025-12-20,type3.1,"Europe,LT,Vilnius",bt1,Assigned,1,458272.4400410678,458272.4400410678,pzp6e-ekpqk-3c5x7-2h6so-njoeq-mt45d-h3h6c-q3mxf-vpeq5-fk5o7-yae,0.0061875297477391724,4152,9,0.0021629416005767843,0,
c2ewt-wic55-asi27-6eoeu-rn7bq-xjzmz-dzxg2-pxrfw-qeinw-yrj52-7ae,2025-12-21,type3.1,"Europe,LT,Vilnius",bt1,Assigned,1,458272.4400410678,458272.4400410678,pzp6e-ekpqk-3c5x7-2h6so-njoeq-mt45d-h3h6c-q3mxf-vpeq5-fk5o7-yae,0.006060606060606061,3842,17,0.004405286343612335,0,
c2ewt-wic55-asi27-6eoeu-rn7bq-xjzmz-dzxg2-pxrfw-qeinw-yrj52-7ae,2025-12-22,type3.1,"Europe,LT,Vilnius",bt1,Assigned,1,458272.4400410678,458272.4400410678,pzp6e-ekpqk-3c5x7-2h6so-njoeq-mt45d-h3h6c-q3mxf-vpeq5-fk5o7-yae,0.009606147934678195,4084,13,0.003173053453746644,0,
c2ewt-wic55-asi27-6eoeu-rn7bq-xjzmz-dzxg2-pxrfw-qeinw-yrj52-7ae,2025-12-23,type3.1,"Europe,LT,Vilnius",bt1,Assigned,1,458272.4400410678,458272.4400410678,pzp6e-ekpqk-3c5x7-2h6so-njoeq-mt45d-h3h6c-q3mxf-vpeq5-fk5o7-yae,0.006346788525006347,4052,13,0.0031980319803198032,0,
c2ewt-wic55-asi27-6eoeu-rn7bq-xjzmz-dzxg2-pxrfw-qeinw-yrj52-7ae,2025-12-24,type3.1,"Europe,LT,Vilnius",bt1,Assigned,1,458272.4400410678,458272.4400410678,pzp6e-ekpqk-3c5x7-2h6so-njoeq-mt45d-h3h6c-q3mxf-vpeq5-fk5o7-yae,0.004865616311399444,4070,19,0.0046466128637808754,0,
c2ewt-wic55-asi27-6eoeu-rn7bq-xjzmz-dzxg2-pxrfw-qeinw-yrj52-7ae,2025-12-25,type3.1,"Europe,LT,Vilnius",bt1,Assigned,1,458272.4400410678,458272.4400410678,pzp6e-ekpqk-3c5x7-2h6so-njoeq-mt45d-h3h6c-q3mxf-vpeq5-fk5o7-yae,0.0067862336403296175,4031,9,0.002227722772277228,0,
c2ewt-wic55-asi27-6eoeu-rn7bq-xjzmz-dzxg2-pxrfw-qeinw-yrj52-7ae,2025-12-26,type3.1,"Europe,LT,Vilnius",bt1,Assigned,1,458272.4400410678,458272.4400410678,pzp6e-ekpqk-3c5x7-2h6so-njoeq-mt45d-h3h6c-q3mxf-vpeq5-fk5o7-yae,0.0051334702258726906,4050,9,0.0022172949002217295,0,
c2ewt-wic55-asi27-6eoeu-rn7bq-xjzmz-dzxg2-pxrfw-qeinw-yrj52-7ae,2025-12-27,type3.1,"Europe,LT,Vilnius",bt1,Assigned,1,458272.4400410678,458272.4400410678,pzp6e-ekpqk-3c5x7-2h6so-njoeq-mt45d-h3h6c-q3mxf-vpeq5-fk5o7-yae,0.0057270916334661364,4158,10,0.0023992322456813818,0,
c2ewt-wic55-asi27-6eoeu-rn7bq-xjzmz-dzxg2-pxrfw-qeinw-yrj52-7ae,2025-12-28,type3.1,"Europe,LT,Vilnius",bt1,Assigned,1,458272.4400410678,458272.4400410678,pzp6e-ekpqk-3c5x7-2h6so-njoeq-mt45d-h3h6c-q3mxf-vpeq5-fk5o7-yae,0.006413418845584608,4018,5,0.0012428535918468805,0,
c2ewt-wic55-asi27-6eoeu-rn7bq-xjzmz-dzxg2-pxrfw-qeinw-yrj52-7ae,2025-12-29,type3.1,"Europe,LT,Vilnius",bt1,Assigned,1,458272.4400410678,458272.4400410678,pzp6e-ekpqk-3c5x7-2h6so-njoeq-mt45d-h3h6c-q3mxf-vpeq5-fk5o7-yae,0.007364144235652616,4087,7,0.0017098192476795312,0,
c2ewt-wic55-asi27-6eoeu-rn7bq-xjzmz-dzxg2-pxrfw-qeinw-yrj52-7ae,2025-12-30,type3.1,"Europe,LT,Vilnius",bt1,Assigned,1,458272.4400410678,458272.4400410678,pzp6e-ekpqk-3c5x7-2h6so-njoeq-mt45d-h3h6c-q3mxf-vpeq5-fk5o7-yae,0.007146503318019398,3906,8,0.0020439448134900355,0,
c2ewt-wic55-asi27-6eoeu-rn7bq-xjzmz-dzxg2-pxrfw-qeinw-yrj52-7ae,2025-12-31,type3.1,"Europe,LT,Vilnius",bt1,Assigned,1,458272.4400410678,458272.4400410678,pzp6e-ekpqk-3c5x7-2h6so-njoeq-mt45d-h3h6c-q3mxf-vpeq5-fk5o7-yae,0.006624083274189733,4163,0,0,0,
c2ewt-wic55-asi27-6eoeu-rn7bq-xjzmz-dzxg2-pxrfw-qeinw-yrj52-7ae,2026-1-1,type3.1,"Europe,LT,Vilnius",bt1,Assigned,1,458272.4400410678,458272.4400410678,pzp6e-ekpqk-3c5x7-2h6so-njoeq-mt45d-h3h6c-q3mxf-vpeq5-fk5o7-yae,0.012948207171314742,3938,5,0.00126806999746386,0,
c2ewt-wic55-asi27-6eoeu-rn7bq-xjzmz-dzxg2-pxrfw-qeinw-yrj52-7ae,2026-1-2,type3.1,"Europe,LT,Vilnius",bt1,Assigned,1,458272.4400410678,458272.4400410678,pzp6e-ekpqk-3c5x7-2h6so-njoeq-mt45d-h3h6c-q3mxf-vpeq5-fk5o7-yae,0.010411502231036193,4004,8,0.0019940179461615157,0,
c2ewt-wic55-asi27-6eoeu-rn7bq-xjzmz-dzxg2-pxrfw-qeinw-yrj52-7ae,2026-1-3,type3.1,"Europe,LT,Vilnius",bt1,Assigned,1,458272.4400410678,458272.4400410678,pzp6e-ekpqk-3c5x7-2h6so-njoeq-mt45d-h3h6c-q3mxf-vpeq5-fk5o7-yae,0.013570822731128074,3561,18,0.005029337803855826,0,
c2ewt-wic55-asi27-6eoeu-rn7bq-xjzmz-dzxg2-pxrfw-qeinw-yrj52-7ae,2026-1-4,type3.1,"Europe,LT,Vilnius",bt1,Assigned,1,458272.4400410678,458272.4400410678,pzp6e-ekpqk-3c5x7-2h6so-njoeq-mt45d-h3h6c-q3mxf-vpeq5-fk5o7-yae,0.022535211267605635,3192,7,0.0021881838074398253,0,
c2ewt-wic55-asi27-6eoeu-rn7bq-xjzmz-dzxg2-pxrfw-qeinw-yrj52-7ae,2026-1-5,type3.1,"Europe,LT,Vilnius",bt1,Assigned,1,458272.4400410678,458272.4400410678,pzp6e-ekpqk-3c5x7-2h6so-njoeq-mt45d-h3h6c-q3mxf-vpeq5-fk5o7-yae,0.010143198090692125,3378,0,0,0,
c2ewt-wic55-asi27-6eoeu-rn7bq-xjzmz-dzxg2-pxrfw-qeinw-yrj52-7ae,2026-1-6,type3.1,"Europe,LT,Vilnius",bt1,Assigned,1,458272.4400410678,458272.4400410678,pzp6e-ekpqk-3c5x7-2h6so-njoeq-mt45d-h3h6c-q3mxf-vpeq5-fk5o7-yae,0.011353450851508814,3373,3,0.0008886255924170617,0,
c2ewt-wic55-asi27-6eoeu-rn7bq-xjzmz-dzxg2-pxrfw-qeinw-yrj52-7ae,2026-1-7,type3.1,"Europe,LT,Vilnius",bt1,Assigned,1,458272.4400410678,458272.4400410678,pzp6e-ekpqk-3c5x7-2h6so-njoeq-mt45d-h3h6c-q3mxf-vpeq5-fk5o7-yae,0.010764262648008612,3829,0,0,0,
c2ewt-wic55-asi27-6eoeu-rn7bq-xjzmz-dzxg2-pxrfw-qeinw-yrj52-7ae,2026-1-8,type3.1,"Europe,LT,Vilnius",bt1,Assigned,1,458272.4400410678,458272.4400410678,pzp6e-ekpqk-3c5x7-2h6so-njoeq-mt45d-h3h6c-q3mxf-vpeq5-fk5o7-yae,0.009605662285136502,3950,2,0.0005060728744939271,0,
c2ewt-wic55-asi27-6eoeu-rn7bq-xjzmz-dzxg2-pxrfw-qeinw-yrj52-7ae,2026-1-9,type3.1,"Europe,LT,Vilnius",bt1,Assigned,1,458272.4400410678,458272.4400410678,pzp6e-ekpqk-3c5x7-2h6so-njoeq-mt45d-h3h6c-q3mxf-vpeq5-fk5o7-yae,0.009769539078156314,3952,1,0.0002529724260055654,0,
c2ewt-wic55-asi27-6eoeu-rn7bq-xjzmz-dzxg2-pxrfw-qeinw-yrj52-7ae,2026-1-10,type3.1,"Europe,LT,Vilnius",bt1,Assigned,1,458272.4400410678,458272.4400410678,pzp6e-ekpqk-3c5x7-2h6so-njoeq-mt45d-h3h6c-q3mxf-vpeq5-fk5o7-yae,0.0052590060478569555,3890,2,0.0005138746145940391,0,
c2ewt-wic55-asi27-6eoeu-rn7bq-xjzmz-dzxg2-pxrfw-qeinw-yrj52-7ae,2026-1-11,type3.1,"Europe,LT,Vilnius",bt1,Assigned,1,458272.4400410678,458272.4400410678,pzp6e-ekpqk-3c5x7-2h6so-njoeq-mt45d-h3h6c-q3mxf-vpeq5-fk5o7-yae,0.0079155672823219,3799,2,0.0005261773217574322,0,
c2ewt-wic55-asi27-6eoeu-rn7bq-xjzmz-dzxg2-pxrfw-qeinw-yrj52-7ae,2026-1-12,type3.1,"Europe,LT,Vilnius",bt1,Assigned,1,458272.4400410678,458272.4400410678,pzp6e-ekpqk-3c5x7-2h6so-njoeq-mt45d-h3h6c-q3mxf-vpeq5-fk5o7-yae,0.00497642744892614,3810,1,0.0002623983206507478,0,
chvnz-3o3ne-j6rnt-nvg4u-3k7an-hhwz6-qeahk-cytz2-div2v-abiwr-dae,2025-12-20,type3.1,"Europe,LT,Vilnius",bt1,Unassigned,1,458272.4400410678,458272.4400410678,,,,,,,0.0005832036541050284
chvnz-3o3ne-j6rnt-nvg4u-3k7an-hhwz6-qeahk-cytz2-div2v-abiwr-dae,2025-12-21,type3.1,"Europe,LT,Vilnius",bt1,Unassigned,1,458272.4400410678,458272.4400410678,,,,,,,0.000490917381579644
chvnz-3o3ne-j6rnt-nvg4u-3k7an-hhwz6-qeahk-cytz2-div2v-abiwr-dae,2025-12-22,type3.1,"Europe,LT,Vilnius",bt1,Unassigned,1,458272.4400410678,458272.4400410678,,,,,,,0
chvnz-3o3ne-j6rnt-nvg4u-3k7an-hhwz6-qeahk-cytz2-div2v-abiwr-dae,2025-12-23,type3.1,"Europe,LT,Vilnius",bt1,Unassigned,1,458272.4400410678,458272.4400410678,,,,,,,0.00003528924503351466
chvnz-3o3ne-j6rnt-nvg4u-3k7an-hhwz6-qeahk-cytz2-div2v-abiwr-dae,2025-12-24,type3.1,"Europe,LT,Vilnius",bt1,Unassigned,1,458272.4400410678,458272.4400410678,,,,,,,0.00024743281850790676
chvnz-3o3ne-j6rnt-nvg4u-3k7an-hhwz6-qeahk-cytz2-div2v-abiwr-dae,2025-12-25,type3.1,"Europe,LT,Vilnius",bt1,Unassigned,1,458272.4400410678,458272.4400410678,,,,,,,0.0001005991117151548
chvnz-3o3ne-j6rnt-nvg4u-3k7an-hhwz6-qeahk-cytz2-div2v-abiwr-dae,2025-12-26,type3.1,"Europe,LT,Vilnius",bt1,Unassigned,1,458272.4400410678,458272.4400410678,,,,,,,0.0006731512595858785
chvnz-3o3ne-j6rnt-nvg4u-3k7an-hhwz6-qeahk-cytz2-div2v-abiwr-dae,2025-12-27,type3.1,"Europe,LT,Vilnius",bt1,Unassigned,1,458272.4400410678,458272.4400410678,,,,,,,0.00011935923485633088
chvnz-3o3ne-j6rnt-nvg4u-3k7an-hhwz6-qeahk-cytz2-div2v-abiwr-dae,2025-12-28,type3.1,"Europe,LT,Vilnius",bt1,Unassigned,1,458272.4400410678,458272.4400410678,,,,,,,0.0009183970611294044
chvnz-3o3ne-j6rnt-nvg4u-3k7an-hhwz6-qeahk-cytz2-div2v-abiwr-dae,2025-12-29,type3.1,"Europe,LT,Vilnius",bt1,Unassigned,1,458272.4400410678,458272.4400410678,,,,,,,0.00040759235982197904
chvnz-3o3ne-j6rnt-nvg4u-3k7an-hhwz6-qeahk-cytz2-div2v-abiwr-dae,2025-12-30,type3.1,"Europe,LT,Vilnius",bt1,Unassigned,1,458272.4400410678,458272.4400410678,,,,,,,0.005340760292340877
chvnz-3o3ne-j6rnt-nvg4u-3k7an-hhwz6-qeahk-cytz2-div2v-abiwr-dae,2025-12-31,type3.1,"Europe,LT,Vilnius",bt1,Unassigned,1,458272.4400410678,458272.4400410678,,,,,,,0.0008353302512745862
chvnz-3o3ne-j6rnt-nvg4u-3k7an-hhwz6-qeahk-cytz2-div2v-abiwr-dae,2026-1-1,type3.1,"Europe,LT,Vilnius",bt1,Unassigned,1,458272.4400410678,458272.4400410678,,,,,,,0.005118228067764165
chvnz-3o3ne-j6rnt-nvg4u-3k7an-hhwz6-qeahk-cytz2-div2v-abiwr-dae,2026-1-2,type3.1,"Europe,LT,Vilnius",bt1,Unassigned,1,458272.4400410678,458272.4400410678,,,,,,,0.0012924572009104932
chvnz-3o3ne-j6rnt-nvg4u-3k7an-hhwz6-qeahk-cytz2-div2v-abiwr-dae,2026-1-3,type3.1,"Europe,LT,Vilnius",bt1,Unassigned,1,458272.4400410678,458272.4400410678,,,,,,,0.0038106699968537766
chvnz-3o3ne-j6rnt-nvg4u-3k7an-hhwz6-qeahk-cytz2-div2v-abiwr-dae,2026-1-4,type3.1,"Europe,LT,Vilnius",bt1,Unassigned,1,458272.4400410678,458272.4400410678,,,,,,,0.0034900372529607926
chvnz-3o3ne-j6rnt-nvg4u-3k7an-hhwz6-qeahk-cytz2-div2v-abiwr-dae,2026-1-5,type3.1,"Europe,LT,Vilnius",bt1,Unassigned,1,458272.4400410678,458272.4400410678,,,,,,,0.004999400266117273
chvnz-3o3ne-j6rnt-nvg4u-3k7an-hhwz6-qeahk-cytz2-div2v-abiwr-dae,2026-1-6,type3.1,"Europe,LT,Vilnius",bt1,Unassigned,1,458272.4400410678,458272.4400410678,,,,,,,0.003774194446103883
chvnz-3o3ne-j6rnt-nvg4u-3k7an-hhwz6-qeahk-cytz2-div2v-abiwr-dae,2026-1-7,type3.1,"Europe,LT,Vilnius",bt1,Unassigned,1,458272.4400410678,458272.4400410678,,,,,,,0.005238581827617822
chvnz-3o3ne-j6rnt-nvg4u-3k7an-hhwz6-qeahk-cytz2-div2v-abiwr-dae,2026-1-8,type3.1,"Europe,LT,Vilnius",bt1,Unassigned,1,458272.4400410678,458272.4400410678,,,,,,,0
chvnz-3o3ne-j6rnt-nvg4u-3k7an-hhwz6-qeahk-cytz2-div2v-abiwr-dae,2026-1-9,type3.1,"Europe,LT,Vilnius",bt1,Unassigned,1,458272.4400410678,458272.4400410678,,,,,,,0
chvnz-3o3ne-j6rnt-nvg4u-3k7an-hhwz6-qeahk-cytz2-div2v-abiwr-dae,2026-1-10,type3.1,"Europe,LT,Vilnius",bt1,Unassigned,1,458272.4400410678,458272.4400410678,,,,,,,0
chvnz-3o3ne-j6rnt-nvg4u-3k7an-hhwz6-qeahk-cytz2-div2v-abiwr-dae,2026-1-11,type3.1,"Europe,LT,Vilnius",bt1,Unassigned,1,458272.4400410678,458272.4400410678,,,,,,,0
chvnz-3o3ne-j6rnt-nvg4u-3k7an-hhwz6-qeahk-cytz2-div2v-abiwr-dae,2026-1-12,type3.1,"Europe,LT,Vilnius",bt1,Unassigned,1,458272.4400410678,458272.4400410678,,,,,,,0
cvx4p-7vyi4-bfhkf-avoox-3pek3-yzlip-u4sxf-d3udp-nzzsu-equkg-oqe,2025-12-14,type3.1,"Europe,LT,Vilnius",bt1,Assigned,1,458272.4400410678,458272.4400410678,gmq5v-hbozq-uui6y-o55wc-ihop3-562wb-3qspg-nnijg-npqp5-he3cj-3ae,0.031514156750102586,12521,41,0.003263811494984875,0,
cvx4p-7vyi4-bfhkf-avoox-3pek3-yzlip-u4sxf-d3udp-nzzsu-equkg-oqe,2025-12-15,type3.1,"Europe,LT,Vilnius",bt1,Assigned,1,458272.4400410678,458272.4400410678,gmq5v-hbozq-uui6y-o55wc-ihop3-562wb-3qspg-nnijg-npqp5-he3cj-3ae,0.04269949066213922,11871,3,0.00025265285497726126,0,
cvx4p-7vyi4-bfhkf-avoox-3pek3-yzlip-u4sxf-d3udp-nzzsu-equkg-oqe,2025-12-16,type3.1,"Europe,LT,Vilnius",bt1,Assigned,1,458272.4400410678,458272.4400410678,gmq5v-hbozq-uui6y-o55wc-ihop3-562wb-3qspg-nnijg-npqp5-he3cj-3ae,0.03638348189921776,11298,44,0.0038793863516134717,0,
cvx4p-7vyi4-bfhkf-avoox-3pek3-yzlip-u4sxf-d3udp-nzzsu-equkg-oqe,2025-12-17,type3.1,"Europe,LT,Vilnius",bt1,Assigned,1,458272.4400410678,458272.4400410678,gmq5v-hbozq-uui6y-o55wc-ihop3-562wb-3qspg-nnijg-npqp5-he3cj-3ae,0.044013427825438274,11012,44,0.003979739507959479,0,
cvx4p-7vyi4-bfhkf-avoox-3pek3-yzlip-u4sxf-d3udp-nzzsu-equkg-oqe,2025-12-18,type3.1,"Europe,LT,Vilnius",bt1,Assigned,1,458272.4400410678,458272.4400410678,gmq5v-hbozq-uui6y-o55wc-ihop3-562wb-3qspg-nnijg-npqp5-he3cj-3ae,0.020831429876656007,10808,19,0.0017548720790616053,0,
cvx4p-7vyi4-bfhkf-avoox-3pek3-yzlip-u4sxf-d3udp-nzzsu-equkg-oqe,2025-12-19,type3.1,"Europe,LT,Vilnius",bt1,Assigned,1,458272.4400410678,458272.4400410678,gmq5v-hbozq-uui6y-o55wc-ihop3-562wb-3qspg-nnijg-npqp5-he3cj-3ae,0.013271889400921659,10951,6,0.0005475951446563841,0,
cvx4p-7vyi4-bfhkf-avoox-3pek3-yzlip-u4sxf-d3udp-nzzsu-equkg-oqe,2025-12-20,type3.1,"Europe,LT,Vilnius",bt1,Assigned,1,458272.4400410678,458272.4400410678,gmq5v-hbozq-uui6y-o55wc-ihop3-562wb-3qspg-nnijg-npqp5-he3cj-3ae,0.04100480236424086,10614,28,0.002631084382634843,0,
cvx4p-7vyi4-bfhkf-avoox-3pek3-yzlip-u4sxf-d3udp-nzzsu-equkg-oqe,2025-12-21,type3.1,"Europe,LT,Vilnius",bt1,Assigned,1,458272.4400410678,458272.4400410678,gmq5v-hbozq-uui6y-o55wc-ihop3-562wb-3qspg-nnijg-npqp5-he3cj-3ae,0.03882593349433402,10788,42,0.003878116343490305,0,
cvx4p-7vyi4-bfhkf-avoox-3pek3-yzlip-u4sxf-d3udp-nzzsu-equkg-oqe,2025-12-22,type3.1,"Europe,LT,Vilnius",bt1,Assigned,1,458272.4400410678,458272.4400410678,gmq5v-hbozq-uui6y-o55wc-ihop3-562wb-3qspg-nnijg-npqp5-he3cj-3ae,0.03393792071802543,10512,16,0.001519756838905775,0,
cvx4p-7vyi4-bfhkf-avoox-3pek3-yzlip-u4sxf-d3udp-nzzsu-equkg-oqe,2025-12-23,type3.1,"Europe,LT,Vilnius",bt1,Assigned,1,458272.4400410678,458272.4400410678,gmq5v-hbozq-uui6y-o55wc-ihop3-562wb-3qspg-nnijg-npqp5-he3cj-3ae,0.02567049808429119,10555,4,0.00037882375224926605,0,
cvx4p-7vyi4-bfhkf-avoox-3pek3-yzlip-u4sxf-d3udp-nzzsu-equkg-oqe,2025-12-24,type3.1,"Europe,LT,Vilnius",bt1,Assigned,1,458272.4400410678,458272.4400410678,gmq5v-hbozq-uui6y-o55wc-ihop3-562wb-3qspg-nnijg-npqp5-he3cj-3ae,0.045368798339935866,10794,18,0.001664816870144284,0,
cvx4p-7vyi4-bfhkf-avoox-3pek3-yzlip-u4sxf-d3udp-nzzsu-equkg-oqe,2025-12-25,type3.1,"Europe,LT,Vilnius",bt1,Assigned,1,458272.4400410678,458272.4400410678,gmq5v-hbozq-uui6y-o55wc-ihop3-562wb-3qspg-nnijg-npqp5-he3cj-3ae,0.04306976744186047,10655,5,0.0004690431519699813,0,
cvx4p-7vyi4-bfhkf-avoox-3pek3-yzlip-u4sxf-d3udp-nzzsu-equkg-oqe,2025-12-26,type3.1,"Europe,LT,Vilnius",bt1,Assigned,1,458272.4400410678,458272.4400410678,gmq5v-hbozq-uui6y-o55wc-ihop3-562wb-3qspg-nnijg-npqp5-he3cj-3ae,0.04251700680272109,10584,19,0.0017919456757521457,0,
cvx4p-7vyi4-bfhkf-avoox-3pek3-yzlip-u4sxf-d3udp-nzzsu-equkg-oqe,2025-12-27,type3.1,"Europe,LT,Vilnius",bt1,Assigned,1,458272.4400410678,458272.4400410678,gmq5v-hbozq-uui6y-o55wc-ihop3-562wb-3qspg-nnijg-npqp5-he3cj-3ae,0.04906232240954726,10644,3,0.0002817695125387433,0,
cvx4p-7vyi4-bfhkf-avoox-3pek3-yzlip-u4sxf-d3udp-nzzsu-equkg-oqe,2025-12-28,type3.1,"Europe,LT,Vilnius",bt1,Assigned,1,458272.4400410678,458272.4400410678,gmq5v-hbozq-uui6y-o55wc-ihop3-562wb-3qspg-nnijg-npqp5-he3cj-3ae,0.03960585477853248,10618,2,0.00018832391713747648,0,
cvx4p-7vyi4-bfhkf-avoox-3pek3-yzlip-u4sxf-d3udp-nzzsu-equkg-oqe,2025-12-29,type3.1,"Europe,LT,Vilnius",bt1,Assigned,1,458272.4400410678,458272.4400410678,gmq5v-hbozq-uui6y-o55wc-ihop3-562wb-3qspg-nnijg-npqp5-he3cj-3ae,0.016193560678224424,10464,5,0.00047760053491259914,0,
cvx4p-7vyi4-bfhkf-avoox-3pek3-yzlip-u4sxf-d3udp-nzzsu-equkg-oqe,2025-12-30,type3.1,"Europe,LT,Vilnius",bt1,Assigned,1,458272.4400410678,458272.4400410678,gmq5v-hbozq-uui6y-o55wc-ihop3-562wb-3qspg-nnijg-npqp5-he3cj-3ae,0.03036570461596315,10451,3,0.00028697149416491294,0,
cvx4p-7vyi4-bfhkf-avoox-3pek3-yzlip-u4sxf-d3udp-nzzsu-equkg-oqe,2025-12-31,type3.1,"Europe,LT,Vilnius",bt1,Assigned,1,458272.4400410678,458272.4400410678,gmq5v-hbozq-uui6y-o55wc-ihop3-562wb-3qspg-nnijg-npqp5-he3cj-3ae,0.00902764716945646,10507,6,0.0005707219632835537,0,
cvx4p-7vyi4-bfhkf-avoox-3pek3-yzlip-u4sxf-d3udp-nzzsu-equkg-oqe,2026-1-1,type3.1,"Europe,LT,Vilnius",bt1,Assigned,1,458272.4400410678,458272.4400410678,gmq5v-hbozq-uui6y-o55wc-ihop3-562wb-3qspg-nnijg-npqp5-he3cj-3ae,0.047459252157238736,10282,2,0.0001944768572539868,0,
cvx4p-7vyi4-bfhkf-avoox-3pek3-yzlip-u4sxf-d3udp-nzzsu-equkg-oqe,2026-1-2,type3.1,"Europe,LT,Vilnius",bt1,Assigned,1,458272.4400410678,458272.4400410678,gmq5v-hbozq-uui6y-o55wc-ihop3-562wb-3qspg-nnijg-npqp5-he3cj-3ae,0.0116565579984837,10465,6,0.0005730111737178875,0,
cvx4p-7vyi4-bfhkf-avoox-3pek3-yzlip-u4sxf-d3udp-nzzsu-equkg-oqe,2026-1-3,type3.1,"Europe,LT,Vilnius",bt1,Assigned,1,458272.4400410678,458272.4400410678,gmq5v-hbozq-uui6y-o55wc-ihop3-562wb-3qspg-nnijg-npqp5-he3cj-3ae,0.09243452958292919,10491,13,0.0012376237623762376,0,
cvx4p-7vyi4-bfhkf-avoox-3pek3-yzlip-u4sxf-d3udp-nzzsu-equkg-oqe,2026-1-4,type3.1,"Europe,LT,Vilnius",bt1,Assigned,1,458272.4400410678,458272.4400410678,gmq5v-hbozq-uui6y-o55wc-ihop3-562wb-3qspg-nnijg-npqp5-he3cj-3ae,0.09589041095890412,10240,8,0.00078064012490242,0,
cvx4p-7vyi4-bfhkf-avoox-3pek3-yzlip-u4sxf-d3udp-nzzsu-equkg-oqe,2026-1-5,type3.1,"Europe,LT,Vilnius",bt1,Assigned,1,458272.4400410678,458272.4400410678,gmq5v-hbozq-uui6y-o55wc-ihop3-562wb-3qspg-nnijg-npqp5-he3cj-3ae,0.07409918636187524,10256,5,0.0004872819413312543,0,
cvx4p-7vyi4-bfhkf-avoox-3pek3-yzlip-u4sxf-d3udp-nzzsu-equkg-oqe,2026-1-6,type3.1,"Europe,LT,Vilnius",bt1,Assigned,1,458272.4400410678,458272.4400410678,gmq5v-hbozq-uui6y-o55wc-ihop3-562wb-3qspg-nnijg-npqp5-he3cj-3ae,0.013720974860871234,10631,3,0.0002821139740455144,0,
cvx4p-7vyi4-bfhkf-avoox-3pek3-yzlip-u4sxf-d3udp-nzzsu-equkg-oqe,2026-1-7,type3.1,"Europe,LT,Vilnius",bt1,Assigned,1,458272.4400410678,458272.4400410678,gmq5v-hbozq-uui6y-o55wc-ihop3-562wb-3qspg-nnijg-npqp5-he3cj-3ae,0.029199884737297094,10611,7,0.0006592578640045206,0,
cvx4p-7vyi4-bfhkf-avoox-3pek3-yzlip-u4sxf-d3udp-nzzsu-equkg-oqe,2026-1-8,type3.1,"Europe,LT,Vilnius",bt1,Assigned,1,458272.4400410678,458272.4400410678,gmq5v-hbozq-uui6y-o55wc-ihop3-562wb-3qspg-nnijg-npqp5-he3cj-3ae,0.05449275362318841,10337,9,0.0008699014111734004,0,
cvx4p-7vyi4-bfhkf-avoox-3pek3-yzlip-u4sxf-d3udp-nzzsu-equkg-oqe,2026-1-9,type3.1,"Europe,LT,Vilnius",bt1,Assigned,1,458272.4400410678,458272.4400410678,gmq5v-hbozq-uui6y-o55wc-ihop3-562wb-3qspg-nnijg-npqp5-he3cj-3ae,0.027868852459016394,10491,4,0.0003811338732729871,0,
cvx4p-7vyi4-bfhkf-avoox-3pek3-yzlip-u4sxf-d3udp-nzzsu-equkg-oqe,2026-1-10,type3.1,"Europe,LT,Vilnius",bt1,Assigned,1,458272.4400410678,458272.4400410678,gmq5v-hbozq-uui6y-o55wc-ihop3-562wb-3qspg-nnijg-npqp5-he3cj-3ae,0.016700650548596953,10464,4,0.0003821169277799007,0,
cvx4p-7vyi4-bfhkf-avoox-3pek3-yzlip-u4sxf-d3udp-nzzsu-equkg-oqe,2026-1-11,type3.1,"Europe,LT,Vilnius",bt1,Assigned,1,458272.4400410678,458272.4400410678,gmq5v-hbozq-uui6y-o55wc-ihop3-562wb-3qspg-nnijg-npqp5-he3cj-3ae,0.02513671687613931,10491,4,0.0003811338732729871,0,
cvx4p-7vyi4-bfhkf-avoox-3pek3-yzlip-u4sxf-d3udp-nzzsu-equkg-oqe,2026-1-12,type3.1,"Europe,LT,Vilnius",bt1,Assigned,1,458272.4400410678,458272.4400410678,gmq5v-hbozq-uui6y-o55wc-ihop3-562wb-3qspg-nnijg-npqp5-he3cj-3ae,0.016992353440951572,10469,3,0.00028647822765469827,0,
lmn5j-j7gfv-ktncs-h7ws3-i57yi-7jn5a-p25mh-chqq2-kksgd-wmcbw-jae,2025-12-14,type3.1,"Europe,LV,Riga",rg1,Assigned,1,458272.4400410678,458272.4400410678,cv73p-6v7zi-u67oy-7jc3h-qspsz-g5lrj-4fn7k-xrax3-thek2-sl46v-jae,0.028662104532381234,10119,9,0.0008886255924170617,0,
lmn5j-j7gfv-ktncs-h7ws3-i57yi-7jn5a-p25mh-chqq2-kksgd-wmcbw-jae,2025-12-15,type3.1,"Europe,LV,Riga",rg1,Assigned,1,458272.4400410678,458272.4400410678,cv73p-6v7zi-u67oy-7jc3h-qspsz-g5lrj-4fn7k-xrax3-thek2-sl46v-jae,0.058894626964069885,9248,2,0.00021621621621621624,0,
lmn5j-j7gfv-ktncs-h7ws3-i57yi-7jn5a-p25mh-chqq2-kksgd-wmcbw-jae,2025-12-16,type3.1,"Europe,LV,Riga",rg1,Assigned,1,458272.4400410678,458272.4400410678,cv73p-6v7zi-u67oy-7jc3h-qspsz-g5lrj-4fn7k-xrax3-thek2-sl46v-jae,0.06109643328929987,8954,8,0.0008926578888640928,0,
lmn5j-j7gfv-ktncs-h7ws3-i57yi-7jn5a-p25mh-chqq2-kksgd-wmcbw-jae,2025-12-17,type3.1,"Europe,LV,Riga",rg1,Assigned,1,458272.4400410678,458272.4400410678,cv73p-6v7zi-u67oy-7jc3h-qspsz-g5lrj-4fn7k-xrax3-thek2-sl46v-jae,0.03387043735613285,9089,1,0.00011001100110011002,0,
lmn5j-j7gfv-ktncs-h7ws3-i57yi-7jn5a-p25mh-chqq2-kksgd-wmcbw-jae,2025-12-18,type3.1,"Europe,LV,Riga",rg1,Assigned,1,458272.4400410678,458272.4400410678,cv73p-6v7zi-u67oy-7jc3h-qspsz-g5lrj-4fn7k-xrax3-thek2-sl46v-jae,0.05284059569773855,9151,1,0.00010926573426573427,0,
lmn5j-j7gfv-ktncs-h7ws3-i57yi-7jn5a-p25mh-chqq2-kksgd-wmcbw-jae,2025-12-19,type3.1,"Europe,LV,Riga",rg1,Assigned,1,458272.4400410678,458272.4400410678,cv73p-6v7zi-u67oy-7jc3h-qspsz-g5lrj-4fn7k-xrax3-thek2-sl46v-jae,0.07569237559307074,9219,2,0.00021689621516104545,0,
lmn5j-j7gfv-ktncs-h7ws3-i57yi-7jn5a-p25mh-chqq2-kksgd-wmcbw-jae,2025-12-20,type3.1,"Europe,LV,Riga",rg1,Assigned,1,458272.4400410678,458272.4400410678,cv73p-6v7zi-u67oy-7jc3h-qspsz-g5lrj-4fn7k-xrax3-thek2-sl46v-jae,0.09623856319891563,8962,0,0,0,
lmn5j-j7gfv-ktncs-h7ws3-i57yi-7jn5a-p25mh-chqq2-kksgd-wmcbw-jae,2025-12-21,type3.1,"Europe,LV,Riga",rg1,Assigned,1,458272.4400410678,458272.4400410678,cv73p-6v7zi-u67oy-7jc3h-qspsz-g5lrj-4fn7k-xrax3-thek2-sl46v-jae,0.06911764705882353,9121,2,0.00021922613175490518,0,
lmn5j-j7gfv-ktncs-h7ws3-i57yi-7jn5a-p25mh-chqq2-kksgd-wmcbw-jae,2025-12-22,type3.1,"Europe,LV,Riga",rg1,Assigned,1,458272.4400410678,458272.4400410678,cv73p-6v7zi-u67oy-7jc3h-qspsz-g5lrj-4fn7k-xrax3-thek2-sl46v-jae,0.06205016357688113,9148,0,0,0,
lmn5j-j7gfv-ktncs-h7ws3-i57yi-7jn5a-p25mh-chqq2-kksgd-wmcbw-jae,2025-12-23,type3.1,"Europe,LV,Riga",rg1,Assigned,1,458272.4400410678,458272.4400410678,cv73p-6v7zi-u67oy-7jc3h-qspsz-g5lrj-4fn7k-xrax3-thek2-sl46v-jae,0.08226650339530224,9001,9,0.0009988901220865703,0,
lmn5j-j7gfv-ktncs-h7ws3-i57yi-7jn5a-p25mh-chqq2-kksgd-wmcbw-jae,2025-12-24,type3.1,"Europe,LV,Riga",rg1,Assigned,1,458272.4400410678,458272.4400410678,cv73p-6v7zi-u67oy-7jc3h-qspsz-g5lrj-4fn7k-xrax3-thek2-sl46v-jae,0.08858941787252844,9055,0,0,0,
lmn5j-j7gfv-ktncs-h7ws3-i57yi-7jn5a-p25mh-chqq2-kksgd-wmcbw-jae,2025-12-25,type3.1,"Europe,LV,Riga",rg1,Assigned,1,458272.4400410678,458272.4400410678,cv73p-6v7zi-u67oy-7jc3h-qspsz-g5lrj-4fn7k-xrax3-thek2-sl46v-jae,0.02706832569308011,9132,2,0.0002189621195533173,0,
lmn5j-j7gfv-ktncs-h7ws3-i57yi-7jn5a-p25mh-chqq2-kksgd-wmcbw-jae,2025-12-26,type3.1,"Europe,LV,Riga",rg1,Assigned,1,458272.4400410678,458272.4400410678,cv73p-6v7zi-u67oy-7jc3h-qspsz-g5lrj-4fn7k-xrax3-thek2-sl46v-jae,0.07909604519774012,9207,1,0.00010860121633362294,0,
lmn5j-j7gfv-ktncs-h7ws3-i57yi-7jn5a-p25mh-chqq2-kksgd-wmcbw-jae,2025-12-27,type3.1,"Europe,LV,Riga",rg1,Assigned,1,458272.4400410678,458272.4400410678,cv73p-6v7zi-u67oy-7jc3h-qspsz-g5lrj-4fn7k-xrax3-thek2-sl46v-jae,0.06165282028858767,9172,0,0,0,
lmn5j-j7gfv-ktncs-h7ws3-i57yi-7jn5a-p25mh-chqq2-kksgd-wmcbw-jae,2025-12-28,type3.1,"Europe,LV,Riga",rg1,Assigned,1,458272.4400410678,458272.4400410678,cv73p-6v7zi-u67oy-7jc3h-qspsz-g5lrj-4fn7k-xrax3-thek2-sl46v-jae,0.035556035880255056,9002,124,0.013587552049090512,0,
lmn5j-j7gfv-ktncs-h7ws3-i57yi-7jn5a-p25mh-chqq2-kksgd-wmcbw-jae,2025-12-29,type3.1,"Europe,LV,Riga",rg1,Assigned,1,458272.4400410678,458272.4400410678,cv73p-6v7zi-u67oy-7jc3h-qspsz-g5lrj-4fn7k-xrax3-thek2-sl46v-jae,0.07778274474742959,9230,2,0.0002166377816291161,0,
lmn5j-j7gfv-ktncs-h7ws3-i57yi-7jn5a-p25mh-chqq2-kksgd-wmcbw-jae,2025-12-30,type3.1,"Europe,LV,Riga",rg1,Assigned,1,458272.4400410678,458272.4400410678,cv73p-6v7zi-u67oy-7jc3h-qspsz-g5lrj-4fn7k-xrax3-thek2-sl46v-jae,0.09114524508696635,9125,0,0,0,
lmn5j-j7gfv-ktncs-h7ws3-i57yi-7jn5a-p25mh-chqq2-kksgd-wmcbw-jae,2025-12-31,type3.1,"Europe,LV,Riga",rg1,Assigned,1,458272.4400410678,458272.4400410678,cv73p-6v7zi-u67oy-7jc3h-qspsz-g5lrj-4fn7k-xrax3-thek2-sl46v-jae,0.05708983735400066,9113,3,0.0003290917068889864,0,
lmn5j-j7gfv-ktncs-h7ws3-i57yi-7jn5a-p25mh-chqq2-kksgd-wmcbw-jae,2026-1-1,type3.1,"Europe,LV,Riga",rg1,Assigned,1,458272.4400410678,458272.4400410678,cv73p-6v7zi-u67oy-7jc3h-qspsz-g5lrj-4fn7k-xrax3-thek2-sl46v-jae,0.09456606289587732,9088,1,0.00011002310485201893,0,
lmn5j-j7gfv-ktncs-h7ws3-i57yi-7jn5a-p25mh-chqq2-kksgd-wmcbw-jae,2026-1-2,type3.1,"Europe,LV,Riga",rg1,Assigned,1,458272.4400410678,458272.4400410678,cv73p-6v7zi-u67oy-7jc3h-qspsz-g5lrj-4fn7k-xrax3-thek2-sl46v-jae,0.09570621468926553,9095,1,0.00010993843447669306,0,
lmn5j-j7gfv-ktncs-h7ws3-i57yi-7jn5a-p25mh-chqq2-kksgd-wmcbw-jae,2026-1-3,type3.1,"Europe,LV,Riga",rg1,Assigned,1,458272.4400410678,458272.4400410678,cv73p-6v7zi-u67oy-7jc3h-qspsz-g5lrj-4fn7k-xrax3-thek2-sl46v-jae,0.086102379883251,9063,1,0.00011032656663724625,0,
lmn5j-j7gfv-ktncs-h7ws3-i57yi-7jn5a-p25mh-chqq2-kksgd-wmcbw-jae,2026-1-4,type3.1,"Europe,LV,Riga",rg1,Assigned,1,458272.4400410678,458272.4400410678,cv73p-6v7zi-u67oy-7jc3h-qspsz-g5lrj-4fn7k-xrax3-thek2-sl46v-jae,0.091,9033,0,0,0,
lmn5j-j7gfv-ktncs-h7ws3-i57yi-7jn5a-p25mh-chqq2-kksgd-wmcbw-jae,2026-1-5,type3.1,"Europe,LV,Riga",rg1,Assigned,1,458272.4400410678,458272.4400410678,cv73p-6v7zi-u67oy-7jc3h-qspsz-g5lrj-4fn7k-xrax3-thek2-sl46v-jae,0.13499716392512762,8851,4,0.00045172219085262564,0,
lmn5j-j7gfv-ktncs-h7ws3-i57yi-7jn5a-p25mh-chqq2-kksgd-wmcbw-jae,2026-1-6,type3.1,"Europe,LV,Riga",rg1,Assigned,1,458272.4400410678,458272.4400410678,cv73p-6v7zi-u67oy-7jc3h-qspsz-g5lrj-4fn7k-xrax3-thek2-sl46v-jae,0.052720513687056436,8912,2,0.0002243661655822302,0,
lmn5j-j7gfv-ktncs-h7ws3-i57yi-7jn5a-p25mh-chqq2-kksgd-wmcbw-jae,2026-1-7,type3.1,"Europe,LV,Riga",rg1,Assigned,1,458272.4400410678,458272.4400410678,cv73p-6v7zi-u67oy-7jc3h-qspsz-g5lrj-4fn7k-xrax3-thek2-sl46v-jae,0.04029262802476083,8802,1,0.00011359763716914689,0,
lmn5j-j7gfv-ktncs-h7ws3-i57yi-7jn5a-p25mh-chqq2-kksgd-wmcbw-jae,2026-1-8,type3.1,"Europe,LV,Riga",rg1,Assigned,1,458272.4400410678,458272.4400410678,cv73p-6v7zi-u67oy-7jc3h-qspsz-g5lrj-4fn7k-xrax3-thek2-sl46v-jae,0.14596949891067537,8854,2,0.00022583559168925022,0,
lmn5j-j7gfv-ktncs-h7ws3-i57yi-7jn5a-p25mh-chqq2-kksgd-wmcbw-jae,2026-1-9,type3.1,"Europe,LV,Riga",rg1,Assigned,1,458272.4400410678,458272.4400410678,cv73p-6v7zi-u67oy-7jc3h-qspsz-g5lrj-4fn7k-xrax3-thek2-sl46v-jae,0.0888135593220339,8634,0,0,0,
lmn5j-j7gfv-ktncs-h7ws3-i57yi-7jn5a-p25mh-chqq2-kksgd-wmcbw-jae,2026-1-10,type3.1,"Europe,LV,Riga",rg1,Assigned,1,458272.4400410678,458272.4400410678,cv73p-6v7zi-u67oy-7jc3h-qspsz-g5lrj-4fn7k-xrax3-thek2-sl46v-jae,0.02584066802076281,8788,1,0.00011377858686995108,0,
lmn5j-j7gfv-ktncs-h7ws3-i57yi-7jn5a-p25mh-chqq2-kksgd-wmcbw-jae,2026-1-11,type3.1,"Europe,LV,Riga",rg1,Assigned,1,458272.4400410678,458272.4400410678,cv73p-6v7zi-u67oy-7jc3h-qspsz-g5lrj-4fn7k-xrax3-thek2-sl46v-jae,0.04102167182662539,9133,3,0.00032837127845884414,0,
lmn5j-j7gfv-ktncs-h7ws3-i57yi-7jn5a-p25mh-chqq2-kksgd-wmcbw-jae,2026-1-12,type3.1,"Europe,LV,Riga",rg1,Assigned,1,458272.4400410678,458272.4400410678,cv73p-6v7zi-u67oy-7jc3h-qspsz-g5lrj-4fn7k-xrax3-thek2-sl46v-jae,0.03779005524861879,9009,3,0.0003328894806924101,0,
qhfut-l6rgw-kkbjn-iglum-tgn5d-pb36h-rlus5-f6uhu-fgv5g-5nqyc-nqe,2025-12-14,type3.1,"Europe,LV,Riga",rg1,Assigned,1,458272.4400410678,458272.4400410678,brlsh-zidhj-3yy3e-6vqbz-7xnih-xeq2l-as5oc-g32c4-i5pdn-2wwof-oae,0.03254672157111181,12528,0,0,0,
qhfut-l6rgw-kkbjn-iglum-tgn5d-pb36h-rlus5-f6uhu-fgv5g-5nqyc-nqe,2025-12-15,type3.1,"Europe,LV,Riga",rg1,Assigned,1,458272.4400410678,458272.4400410678,brlsh-zidhj-3yy3e-6vqbz-7xnih-xeq2l-as5oc-g32c4-i5pdn-2wwof-oae,0.06724422442244224,12124,1,0.00008247422680412371,0,
qhfut-l6rgw-kkbjn-iglum-tgn5d-pb36h-rlus5-f6uhu-fgv5g-5nqyc-nqe,2025-12-16,type3.1,"Europe,LV,Riga",rg1,Assigned,1,458272.4400410678,458272.4400410678,brlsh-zidhj-3yy3e-6vqbz-7xnih-xeq2l-as5oc-g32c4-i5pdn-2wwof-oae,0.05542210020590254,11605,3,0.0002584424534803584,0,
qhfut-l6rgw-kkbjn-iglum-tgn5d-pb36h-rlus5-f6uhu-fgv5g-5nqyc-nqe,2025-12-17,type3.1,"Europe,LV,Riga",rg1,Assigned,1,458272.4400410678,458272.4400410678,brlsh-zidhj-3yy3e-6vqbz-7xnih-xeq2l-as5oc-g32c4-i5pdn-2wwof-oae,0.07256444593237361,11985,0,0,0,
qhfut-l6rgw-kkbjn-iglum-tgn5d-pb36h-rlus5-f6uhu-fgv5g-5nqyc-nqe,2025-12-18,type3.1,"Europe,LV,Riga",rg1,Assigned,1,458272.4400410678,458272.4400410678,brlsh-zidhj-3yy3e-6vqbz-7xnih-xeq2l-as5oc-g32c4-i5pdn-2wwof-oae,0.023576136555687008,11990,2,0.00016677785190126753,0,
qhfut-l6rgw-kkbjn-iglum-tgn5d-pb36h-rlus5-f6uhu-fgv5g-5nqyc-nqe,2025-12-19,type3.1,"Europe,LV,Riga",rg1,Assigned,1,458272.4400410678,458272.4400410678,brlsh-zidhj-3yy3e-6vqbz-7xnih-xeq2l-as5oc-g32c4-i5pdn-2wwof-oae,0.013918252290345315,11526,3,0.00026021337496747333,0,
qhfut-l6rgw-kkbjn-iglum-tgn5d-pb36h-rlus5-f6uhu-fgv5g-5nqyc-nqe,2025-12-20,type3.1,"Europe,LV,Riga",rg1,Assigned,1,458272.4400410678,458272.4400410678,brlsh-zidhj-3yy3e-6vqbz-7xnih-xeq2l-as5oc-g32c4-i5pdn-2wwof-oae,0.04682389395765192,11746,1,0.00008512811781731506,0,
qhfut-l6rgw-kkbjn-iglum-tgn5d-pb36h-rlus5-f6uhu-fgv5g-5nqyc-nqe,2025-12-21,type3.1,"Europe,LV,Riga",rg1,Assigned,1,458272.4400410678,458272.4400410678,brlsh-zidhj-3yy3e-6vqbz-7xnih-xeq2l-as5oc-g32c4-i5pdn-2wwof-oae,0.06165387600241442,11654,5,0.00042885324641907545,0,
qhfut-l6rgw-kkbjn-iglum-tgn5d-pb36h-rlus5-f6uhu-fgv5g-5nqyc-nqe,2025-12-22,type3.1,"Europe,LV,Riga",rg1,Assigned,1,458272.4400410678,458272.4400410678,brlsh-zidhj-3yy3e-6vqbz-7xnih-xeq2l-as5oc-g32c4-i5pdn-2wwof-oae,0.06111354669004823,11421,1,0.00008755034144633164,0,
qhfut-l6rgw-kkbjn-iglum-tgn5d-pb36h-rlus5-f6uhu-fgv5g-5nqyc-nqe,2025-12-23,type3.1,"Europe,LV,Riga",rg1,Assigned,1,458272.4400410678,458272.4400410678,brlsh-zidhj-3yy3e-6vqbz-7xnih-xeq2l-as5oc-g32c4-i5pdn-2wwof-oae,0.06148021274677725,11343,4,0.00035251608354631183,0,
qhfut-l6rgw-kkbjn-iglum-tgn5d-pb36h-rlus5-f6uhu-fgv5g-5nqyc-nqe,2025-12-24,type3.1,"Europe,LV,Riga",rg1,Assigned,1,458272.4400410678,458272.4400410678,brlsh-zidhj-3yy3e-6vqbz-7xnih-xeq2l-as5oc-g32c4-i5pdn-2wwof-oae,0.07507793557325944,11565,31,0.002673335632976889,0,
qhfut-l6rgw-kkbjn-iglum-tgn5d-pb36h-rlus5-f6uhu-fgv5g-5nqyc-nqe,2025-12-25,type3.1,"Europe,LV,Riga",rg1,Assigned,1,458272.4400410678,458272.4400410678,brlsh-zidhj-3yy3e-6vqbz-7xnih-xeq2l-as5oc-g32c4-i5pdn-2wwof-oae,0.024542464367040565,12120,4,0.00032992411745298586,0,
qhfut-l6rgw-kkbjn-iglum-tgn5d-pb36h-rlus5-f6uhu-fgv5g-5nqyc-nqe,2025-12-26,type3.1,"Europe,LV,Riga",rg1,Assigned,1,458272.4400410678,458272.4400410678,brlsh-zidhj-3yy3e-6vqbz-7xnih-xeq2l-as5oc-g32c4-i5pdn-2wwof-oae,0.03447690217391304,11666,13,0.0011131089990581385,0,
qhfut-l6rgw-kkbjn-iglum-tgn5d-pb36h-rlus5-f6uhu-fgv5g-5nqyc-nqe,2025-12-27,type3.1,"Europe,LV,Riga",rg1,Assigned,1,458272.4400410678,458272.4400410678,brlsh-zidhj-3yy3e-6vqbz-7xnih-xeq2l-as5oc-g32c4-i5pdn-2wwof-oae,0.06839154808106944,11905,2,0.00016796842193667592,0,
qhfut-l6rgw-kkbjn-iglum-tgn5d-pb36h-rlus5-f6uhu-fgv5g-5nqyc-nqe,2025-12-28,type3.1,"Europe,LV,Riga",rg1,Assigned,1,458272.4400410678,458272.4400410678,brlsh-zidhj-3yy3e-6vqbz-7xnih-xeq2l-as5oc-g32c4-i5pdn-2wwof-oae,0.05357938842827851,11205,170,0.014945054945054945,0,
qhfut-l6rgw-kkbjn-iglum-tgn5d-pb36h-rlus5-f6uhu-fgv5g-5nqyc-nqe,2025-12-29,type3.1,"Europe,LV,Riga",rg1,Assigned,1,458272.4400410678,458272.4400410678,brlsh-zidhj-3yy3e-6vqbz-7xnih-xeq2l-as5oc-g32c4-i5pdn-2wwof-oae,0.05183662525694879,11251,1,0.00008887308922858158,0,
qhfut-l6rgw-kkbjn-iglum-tgn5d-pb36h-rlus5-f6uhu-fgv5g-5nqyc-nqe,2025-12-30,type3.1,"Europe,LV,Riga",rg1,Assigned,1,458272.4400410678,458272.4400410678,brlsh-zidhj-3yy3e-6vqbz-7xnih-xeq2l-as5oc-g32c4-i5pdn-2wwof-oae,0.06275843057980336,10834,3,0.00027682938082495157,0,
qhfut-l6rgw-kkbjn-iglum-tgn5d-pb36h-rlus5-f6uhu-fgv5g-5nqyc-nqe,2025-12-31,type3.1,"Europe,LV,Riga",rg1,Assigned,1,458272.4400410678,458272.4400410678,brlsh-zidhj-3yy3e-6vqbz-7xnih-xeq2l-as5oc-g32c4-i5pdn-2wwof-oae,0.009290463612350853,11242,3,0.0002667852378835038,0,
qhfut-l6rgw-kkbjn-iglum-tgn5d-pb36h-rlus5-f6uhu-fgv5g-5nqyc-nqe,2026-1-1,type3.1,"Europe,LV,Riga",rg1,Assigned,1,458272.4400410678,458272.4400410678,brlsh-zidhj-3yy3e-6vqbz-7xnih-xeq2l-as5oc-g32c4-i5pdn-2wwof-oae,0.045422031473533624,11147,6,0.0005379718461400521,0,
qhfut-l6rgw-kkbjn-iglum-tgn5d-pb36h-rlus5-f6uhu-fgv5g-5nqyc-nqe,2026-1-2,type3.1,"Europe,LV,Riga",rg1,Assigned,1,458272.4400410678,458272.4400410678,brlsh-zidhj-3yy3e-6vqbz-7xnih-xeq2l-as5oc-g32c4-i5pdn-2wwof-oae,0.07330980179201738,11041,5,0.00045265254390729675,0,
qhfut-l6rgw-kkbjn-iglum-tgn5d-pb36h-rlus5-f6uhu-fgv5g-5nqyc-nqe,2026-1-3,type3.1,"Europe,LV,Riga",rg1,Assigned,1,458272.4400410678,458272.4400410678,brlsh-zidhj-3yy3e-6vqbz-7xnih-xeq2l-as5oc-g32c4-i5pdn-2wwof-oae,0.08316775475447062,10819,5,0.00046193643754619364,0,
qhfut-l6rgw-kkbjn-iglum-tgn5d-pb36h-rlus5-f6uhu-fgv5g-5nqyc-nqe,2026-1-4,type3.1,"Europe,LV,Riga",rg1,Assigned,1,458272.4400410678,458272.4400410678,brlsh-zidhj-3yy3e-6vqbz-7xnih-xeq2l-as5oc-g32c4-i5pdn-2wwof-oae,0.15466284074605452,10781,2,0.00018547713994250208,0,
qhfut-l6rgw-kkbjn-iglum-tgn5d-pb36h-rlus5-f6uhu-fgv5g-5nqyc-nqe,2026-1-5,type3.1,"Europe,LV,Riga",rg1,Assigned,1,458272.4400410678,458272.4400410678,brlsh-zidhj-3yy3e-6vqbz-7xnih-xeq2l-as5oc-g32c4-i5pdn-2wwof-oae,0.007492641156007493,11103,3,0.0002701242571582928,0,
qhfut-l6rgw-kkbjn-iglum-tgn5d-pb36h-rlus5-f6uhu-fgv5g-5nqyc-nqe,2026-1-6,type3.1,"Europe,LV,Riga",rg1,Assigned,1,458272.4400410678,458272.4400410678,brlsh-zidhj-3yy3e-6vqbz-7xnih-xeq2l-as5oc-g32c4-i5pdn-2wwof-oae,0.020816436874831035,11165,2,0.00017909913136921287,0,
qhfut-l6rgw-kkbjn-iglum-tgn5d-pb36h-rlus5-f6uhu-fgv5g-5nqyc-nqe,2026-1-7,type3.1,"Europe,LV,Riga",rg1,Assigned,1,458272.4400410678,458272.4400410678,brlsh-zidhj-3yy3e-6vqbz-7xnih-xeq2l-as5oc-g32c4-i5pdn-2wwof-oae,0.015314494074749318,11091,4,0.0003605227579990987,0,
qhfut-l6rgw-kkbjn-iglum-tgn5d-pb36h-rlus5-f6uhu-fgv5g-5nqyc-nqe,2026-1-8,type3.1,"Europe,LV,Riga",rg1,Assigned,1,458272.4400410678,458272.4400410678,brlsh-zidhj-3yy3e-6vqbz-7xnih-xeq2l-as5oc-g32c4-i5pdn-2wwof-oae,0.031425364758698095,11765,6,0.0005097272958966954,0,
qhfut-l6rgw-kkbjn-iglum-tgn5d-pb36h-rlus5-f6uhu-fgv5g-5nqyc-nqe,2026-1-9,type3.1,"Europe,LV,Riga",rg1,Assigned,1,458272.4400410678,458272.4400410678,brlsh-zidhj-3yy3e-6vqbz-7xnih-xeq2l-as5oc-g32c4-i5pdn-2wwof-oae,0.03595109821798591,9856,2,0.0002028809089064719,0,
qhfut-l6rgw-kkbjn-iglum-tgn5d-pb36h-rlus5-f6uhu-fgv5g-5nqyc-nqe,2026-1-10,type3.1,"Europe,LV,Riga",rg1,Assigned,1,458272.4400410678,458272.4400410678,brlsh-zidhj-3yy3e-6vqbz-7xnih-xeq2l-as5oc-g32c4-i5pdn-2wwof-oae,0.03682890982968791,11735,1,0.00008520790729379687,0,
qhfut-l6rgw-kkbjn-iglum-tgn5d-pb36h-rlus5-f6uhu-fgv5g-5nqyc-nqe,2026-1-11,type3.1,"Europe,LV,Riga",rg1,Assigned,1,458272.4400410678,458272.4400410678,brlsh-zidhj-3yy3e-6vqbz-7xnih-xeq2l-as5oc-g32c4-i5pdn-2wwof-oae,0.01941349934469201,12187,3,0.00024610336341263333,0,
qhfut-l6rgw-kkbjn-iglum-tgn5d-pb36h-rlus5-f6uhu-fgv5g-5nqyc-nqe,2026-1-12,type3.1,"Europe,LV,Riga",rg1,Assigned,1,458272.4400410678,458272.4400410678,brlsh-zidhj-3yy3e-6vqbz-7xnih-xeq2l-as5oc-g32c4-i5pdn-2wwof-oae,0.04753761969904241,11818,2,0.00016920473773265651,0,
qlk52-xi45d-fpbsj-epcof-uoghd-xkmb2-woudx-aci7c-tpglx-rq5mj-vqe,2025-12-14,type3.1,"Europe,LV,Riga",rg1,Assigned,1,458272.4400410678,458272.4400410678,uzr34-akd3s-xrdag-3ql62-ocgoh-ld2ao-tamcv-54e7j-krwgb-2gm4z-oqe,0.002907504997274214,5354,0,0,0,
qlk52-xi45d-fpbsj-epcof-uoghd-xkmb2-woudx-aci7c-tpglx-rq5mj-vqe,2025-12-15,type3.1,"Europe,LV,Riga",rg1,Assigned,1,458272.4400410678,458272.4400410678,uzr34-akd3s-xrdag-3ql62-ocgoh-ld2ao-tamcv-54e7j-krwgb-2gm4z-oqe,0.0035218156916454707,4982,2,0.0004012841091492777,0,
qlk52-xi45d-fpbsj-epcof-uoghd-xkmb2-woudx-aci7c-tpglx-rq5mj-vqe,2025-12-16,type3.1,"Europe,LV,Riga",rg1,Assigned,1,458272.4400410678,458272.4400410678,uzr34-akd3s-xrdag-3ql62-ocgoh-ld2ao-tamcv-54e7j-krwgb-2gm4z-oqe,0.0015281757402101242,5217,6,0.0011487650775416428,0,
qlk52-xi45d-fpbsj-epcof-uoghd-xkmb2-woudx-aci7c-tpglx-rq5mj-vqe,2025-12-17,type3.1,"Europe,LV,Riga",rg1,Assigned,1,458272.4400410678,458272.4400410678,uzr34-akd3s-xrdag-3ql62-ocgoh-ld2ao-tamcv-54e7j-krwgb-2gm4z-oqe,0.002319288751449556,5200,1,0.00019227071716977504,0,
qlk52-xi45d-fpbsj-epcof-uoghd-xkmb2-woudx-aci7c-tpglx-rq5mj-vqe,2025-12-18,type3.1,"Europe,LV,Riga",rg1,Assigned,1,458272.4400410678,458272.4400410678,uzr34-akd3s-xrdag-3ql62-ocgoh-ld2ao-tamcv-54e7j-krwgb-2gm4z-oqe,0.001157854110382092,5248,2,0.00038095238095238096,0,
qlk52-xi45d-fpbsj-epcof-uoghd-xkmb2-woudx-aci7c-tpglx-rq5mj-vqe,2025-12-19,type3.1,"Europe,LV,Riga",rg1,Assigned,1,458272.4400410678,458272.4400410678,uzr34-akd3s-xrdag-3ql62-ocgoh-ld2ao-tamcv-54e7j-krwgb-2gm4z-oqe,0.002858776443682104,5350,0,0,0,
qlk52-xi45d-fpbsj-epcof-uoghd-xkmb2-woudx-aci7c-tpglx-rq5mj-vqe,2025-12-20,type3.1,"Europe,LV,Riga",rg1,Assigned,1,458272.4400410678,458272.4400410678,uzr34-akd3s-xrdag-3ql62-ocgoh-ld2ao-tamcv-54e7j-krwgb-2gm4z-oqe,0.0014751982297621243,5375,1,0.00018601190476190475,0,
qlk52-xi45d-fpbsj-epcof-uoghd-xkmb2-woudx-aci7c-tpglx-rq5mj-vqe,2025-12-21,type3.1,"Europe,LV,Riga",rg1,Assigned,1,458272.4400410678,458272.4400410678,uzr34-akd3s-xrdag-3ql62-ocgoh-ld2ao-tamcv-54e7j-krwgb-2gm4z-oqe,0.0018181818181818184,5533,0,0,0,
qlk52-xi45d-fpbsj-epcof-uoghd-xkmb2-woudx-aci7c-tpglx-rq5mj-vqe,2025-12-22,type3.1,"Europe,LV,Riga",rg1,Assigned,1,458272.4400410678,458272.4400410678,uzr34-akd3s-xrdag-3ql62-ocgoh-ld2ao-tamcv-54e7j-krwgb-2gm4z-oqe,0.001670688695006497,5280,0,0,0,
qlk52-xi45d-fpbsj-epcof-uoghd-xkmb2-woudx-aci7c-tpglx-rq5mj-vqe,2025-12-23,type3.1,"Europe,LV,Riga",rg1,Assigned,1,458272.4400410678,458272.4400410678,uzr34-akd3s-xrdag-3ql62-ocgoh-ld2ao-tamcv-54e7j-krwgb-2gm4z-oqe,0.0013245033112582784,5304,2,0.0003769317753486619,0,
qlk52-xi45d-fpbsj-epcof-uoghd-xkmb2-woudx-aci7c-tpglx-rq5mj-vqe,2025-12-24,type3.1,"Europe,LV,Riga",rg1,Assigned,1,458272.4400410678,458272.4400410678,uzr34-akd3s-xrdag-3ql62-ocgoh-ld2ao-tamcv-54e7j-krwgb-2gm4z-oqe,0.001847063169560399,5439,0,0,0,
qlk52-xi45d-fpbsj-epcof-uoghd-xkmb2-woudx-aci7c-tpglx-rq5mj-vqe,2025-12-25,type3.1,"Europe,LV,Riga",rg1,Assigned,1,458272.4400410678,458272.4400410678,uzr34-akd3s-xrdag-3ql62-ocgoh-ld2ao-tamcv-54e7j-krwgb-2gm4z-oqe,0.004275996112730807,5194,13,0.002496639139619743,0,
qlk52-xi45d-fpbsj-epcof-uoghd-xkmb2-woudx-aci7c-tpglx-rq5mj-vqe,2025-12-26,type3.1,"Europe,LV,Riga",rg1,Assigned,1,458272.4400410678,458272.4400410678,uzr34-akd3s-xrdag-3ql62-ocgoh-ld2ao-tamcv-54e7j-krwgb-2gm4z-oqe,0.0027110766847405115,5301,42,0.007860752386299833,0.0051496757015593204,
qlk52-xi45d-fpbsj-epcof-uoghd-xkmb2-woudx-aci7c-tpglx-rq5mj-vqe,2025-12-27,type3.1,"Europe,LV,Riga",rg1,Assigned,1,458272.4400410678,458272.4400410678,uzr34-akd3s-xrdag-3ql62-ocgoh-ld2ao-tamcv-54e7j-krwgb-2gm4z-oqe,0.0037051482059282373,5175,23,0.004424778761061948,0.0007196305551337098,
qlk52-xi45d-fpbsj-epcof-uoghd-xkmb2-woudx-aci7c-tpglx-rq5mj-vqe,2025-12-28,type3.1,"Europe,LV,Riga",rg1,Assigned,1,458272.4400410678,458272.4400410678,uzr34-akd3s-xrdag-3ql62-ocgoh-ld2ao-tamcv-54e7j-krwgb-2gm4z-oqe,0.003966754816773706,5273,21,0.003966754816773706,0,
qlk52-xi45d-fpbsj-epcof-uoghd-xkmb2-woudx-aci7c-tpglx-rq5mj-vqe,2025-12-29,type3.1,"Europe,LV,Riga",rg1,Assigned,1,458272.4400410678,458272.4400410678,uzr34-akd3s-xrdag-3ql62-ocgoh-ld2ao-tamcv-54e7j-krwgb-2gm4z-oqe,0.004649360712901976,5085,18,0.0035273368606701942,0,
qlk52-xi45d-fpbsj-epcof-uoghd-xkmb2-woudx-aci7c-tpglx-rq5mj-vqe,2025-12-30,type3.1,"Europe,LV,Riga",rg1,Assigned,1,458272.4400410678,458272.4400410678,uzr34-akd3s-xrdag-3ql62-ocgoh-ld2ao-tamcv-54e7j-krwgb-2gm4z-oqe,0.005863323898099474,5002,284,0.05372682557699584,0.047863501678896365,
qlk52-xi45d-fpbsj-epcof-uoghd-xkmb2-woudx-aci7c-tpglx-rq5mj-vqe,2025-12-31,type3.1,"Europe,LV,Riga",rg1,Assigned,1,458272.4400410678,458272.4400410678,uzr34-akd3s-xrdag-3ql62-ocgoh-ld2ao-tamcv-54e7j-krwgb-2gm4z-oqe,0.0019223375624759708,5319,50,0.009312721177127958,0.007390383614651987,
qlk52-xi45d-fpbsj-epcof-uoghd-xkmb2-woudx-aci7c-tpglx-rq5mj-vqe,2026-1-1,type3.1,"Europe,LV,Riga",rg1,Assigned,1,458272.4400410678,458272.4400410678,uzr34-akd3s-xrdag-3ql62-ocgoh-ld2ao-tamcv-54e7j-krwgb-2gm4z-oqe,0.002176063303659743,4950,246,0.04734411085450346,0.04516804755084372,
qlk52-xi45d-fpbsj-epcof-uoghd-xkmb2-woudx-aci7c-tpglx-rq5mj-vqe,2026-1-2,type3.1,"Europe,LV,Riga",rg1,Assigned,1,458272.4400410678,458272.4400410678,uzr34-akd3s-xrdag-3ql62-ocgoh-ld2ao-tamcv-54e7j-krwgb-2gm4z-oqe,0.007107023411371237,4699,83,0.017356754496026767,0.01024973108465553,
qlk52-xi45d-fpbsj-epcof-uoghd-xkmb2-woudx-aci7c-tpglx-rq5mj-vqe,2026-1-3,type3.1,"Europe,LV,Riga",rg1,Assigned,1,458272.4400410678,458272.4400410678,uzr34-akd3s-xrdag-3ql62-ocgoh-ld2ao-tamcv-54e7j-krwgb-2gm4z-oqe,0.013522355507088331,4367,200,0.04379242391066346,0.030270068403575122,
qlk52-xi45d-fpbsj-epcof-uoghd-xkmb2-woudx-aci7c-tpglx-rq5mj-vqe,2026-1-4,type3.1,"Europe,LV,Riga",rg1,Assigned,1,458272.4400410678,458272.4400410678,uzr34-akd3s-xrdag-3ql62-ocgoh-ld2ao-tamcv-54e7j-krwgb-2gm4z-oqe,0.01811125485122898,4423,194,0.042018626813948454,0.023907371962719474,
qlk52-xi45d-fpbsj-epcof-uoghd-xkmb2-woudx-aci7c-tpglx-rq5mj-vqe,2026-1-5,type3.1,"Europe,LV,Riga",rg1,Assigned,1,458272.4400410678,458272.4400410678,uzr34-akd3s-xrdag-3ql62-ocgoh-ld2ao-tamcv-54e7j-krwgb-2gm4z-oqe,0.006443566826023696,4518,245,0.051438169221079154,0.044994602395055455,
qlk52-xi45d-fpbsj-epcof-uoghd-xkmb2-woudx-aci7c-tpglx-rq5mj-vqe,2026-1-6,type3.1,"Europe,LV,Riga",rg1,Assigned,1,458272.4400410678,458272.4400410678,uzr34-akd3s-xrdag-3ql62-ocgoh-ld2ao-tamcv-54e7j-krwgb-2gm4z-oqe,0.010017809439002674,4255,158,0.03580330840697938,0.02578549896797671,
qlk52-xi45d-fpbsj-epcof-uoghd-xkmb2-woudx-aci7c-tpglx-rq5mj-vqe,2026-1-7,type3.1,"Europe,LV,Riga",rg1,Assigned,1,458272.4400410678,458272.4400410678,uzr34-akd3s-xrdag-3ql62-ocgoh-ld2ao-tamcv-54e7j-krwgb-2gm4z-oqe,0.0075630252100840345,4456,250,0.053123671908202295,0.04556064669811827,
qlk52-xi45d-fpbsj-epcof-uoghd-xkmb2-woudx-aci7c-tpglx-rq5mj-vqe,2026-1-8,type3.1,"Europe,LV,Riga",rg1,Assigned,1,458272.4400410678,458272.4400410678,uzr34-akd3s-xrdag-3ql62-ocgoh-ld2ao-tamcv-54e7j-krwgb-2gm4z-oqe,0.00997353958884592,5037,36,0.007096392667060911,0,
qlk52-xi45d-fpbsj-epcof-uoghd-xkmb2-woudx-aci7c-tpglx-rq5mj-vqe,2026-1-9,type3.1,"Europe,LV,Riga",rg1,Assigned,1,458272.4400410678,458272.4400410678,uzr34-akd3s-xrdag-3ql62-ocgoh-ld2ao-tamcv-54e7j-krwgb-2gm4z-oqe,0.003348434114634627,5114,6,0.001171875,0,
qlk52-xi45d-fpbsj-epcof-uoghd-xkmb2-woudx-aci7c-tpglx-rq5mj-vqe,2026-1-10,type3.1,"Europe,LV,Riga",rg1,Assigned,1,458272.4400410678,458272.4400410678,uzr34-akd3s-xrdag-3ql62-ocgoh-ld2ao-tamcv-54e7j-krwgb-2gm4z-oqe,0.003027436140018922,5391,2,0.00037085110328203224,0,
qlk52-xi45d-fpbsj-epcof-uoghd-xkmb2-woudx-aci7c-tpglx-rq5mj-vqe,2026-1-11,type3.1,"Europe,LV,Riga",rg1,Assigned,1,458272.4400410678,458272.4400410678,uzr34-akd3s-xrdag-3ql62-ocgoh-ld2ao-tamcv-54e7j-krwgb-2gm4z-oqe,0.004573170731707318,5140,3,0.00058331713007972,0,
qlk52-xi45d-fpbsj-epcof-uoghd-xkmb2-woudx-aci7c-tpglx-rq5mj-vqe,2026-1-12,type3.1,"Europe,LV,Riga",rg1,Assigned,1,458272.4400410678,458272.4400410678,uzr34-akd3s-xrdag-3ql62-ocgoh-ld2ao-tamcv-54e7j-krwgb-2gm4z-oqe,0.003435114503816794,5185,2,0.000385579332947754,0,
vivoi-pgaro-d7j64-broi5-wf4ig-3n2jq-sp366-rgh56-yx6do-gcx3w-mqe,2025-12-14,type3.1,"Europe,LV,Riga",rg1,Assigned,1,458272.4400410678,458272.4400410678,w4rem-dv5e3-widiz-wbpea-kbttk-mnzfm-tzrc7-svcj3-kbxyb-zamch-hqe,0.000623398212925123,14428,9,0.000623398212925123,0,
vivoi-pgaro-d7j64-broi5-wf4ig-3n2jq-sp366-rgh56-yx6do-gcx3w-mqe,2025-12-15,type3.1,"Europe,LV,Riga",rg1,Assigned,1,458272.4400410678,458272.4400410678,w4rem-dv5e3-widiz-wbpea-kbttk-mnzfm-tzrc7-svcj3-kbxyb-zamch-hqe,0.0005597928766356449,14426,2,0.0001386193512614361,0,
vivoi-pgaro-d7j64-broi5-wf4ig-3n2jq-sp366-rgh56-yx6do-gcx3w-mqe,2025-12-16,type3.1,"Europe,LV,Riga",rg1,Assigned,1,458272.4400410678,458272.4400410678,w4rem-dv5e3-widiz-wbpea-kbttk-mnzfm-tzrc7-svcj3-kbxyb-zamch-hqe,0.0009060022650056626,13184,11,0.0008336491095111784,0,
vivoi-pgaro-d7j64-broi5-wf4ig-3n2jq-sp366-rgh56-yx6do-gcx3w-mqe,2025-12-17,type3.1,"Europe,LV,Riga",rg1,Assigned,1,458272.4400410678,458272.4400410678,w4rem-dv5e3-widiz-wbpea-kbttk-mnzfm-tzrc7-svcj3-kbxyb-zamch-hqe,0.0010200078462142017,12757,3,0.0002351097178683386,0,
vivoi-pgaro-d7j64-broi5-wf4ig-3n2jq-sp366-rgh56-yx6do-gcx3w-mqe,2025-12-18,type3.1,"Europe,LV,Riga",rg1,Assigned,1,458272.4400410678,458272.4400410678,w4rem-dv5e3-widiz-wbpea-kbttk-mnzfm-tzrc7-svcj3-kbxyb-zamch-hqe,0.00040466170281644546,12573,7,0.0005564387917329094,0.00015177708891646395,
vivoi-pgaro-d7j64-broi5-wf4ig-3n2jq-sp366-rgh56-yx6do-gcx3w-mqe,2025-12-19,type3.1,"Europe,LV,Riga",rg1,Assigned,1,458272.4400410678,458272.4400410678,w4rem-dv5e3-widiz-wbpea-kbttk-mnzfm-tzrc7-svcj3-kbxyb-zamch-hqe,0.0004064710186163727,12296,5,0.0004064710186163727,0,
vivoi-pgaro-d7j64-broi5-wf4ig-3n2jq-sp366-rgh56-yx6do-gcx3w-mqe,2025-12-20,type3.1,"Europe,LV,Riga",rg1,Assigned,1,458272.4400410678,458272.4400410678,w4rem-dv5e3-widiz-wbpea-kbttk-mnzfm-tzrc7-svcj3-kbxyb-zamch-hqe,0.0007225433526011561,12232,18,0.0014693877551020407,0.0007468444025008848,
vivoi-pgaro-d7j64-broi5-wf4ig-3n2jq-sp366-rgh56-yx6do-gcx3w-mqe,2025-12-21,type3.1,"Europe,LV,Riga",rg1,Assigned,1,458272.4400410678,458272.4400410678,w4rem-dv5e3-widiz-wbpea-kbttk-mnzfm-tzrc7-svcj3-kbxyb-zamch-hqe,0.0004075311761349744,12355,8,0.000647092129741972,0.00023956095360699772,
vivoi-pgaro-d7j64-broi5-wf4ig-3n2jq-sp366-rgh56-yx6do-gcx3w-mqe,2025-12-22,type3.1,"Europe,LV,Riga",rg1,Assigned,1,458272.4400410678,458272.4400410678,w4rem-dv5e3-widiz-wbpea-kbttk-mnzfm-tzrc7-svcj3-kbxyb-zamch-hqe,0.0004950903539896032,12113,6,0.0004950903539896032,0,
vivoi-pgaro-d7j64-broi5-wf4ig-3n2jq-sp366-rgh56-yx6do-gcx3w-mqe,2025-12-23,type3.1,"Europe,LV,Riga",rg1,Assigned,1,458272.4400410678,458272.4400410678,w4rem-dv5e3-widiz-wbpea-kbttk-mnzfm-tzrc7-svcj3-kbxyb-zamch-hqe,0.0010397504598896265,12418,14,0.0011261261261261261,0.00008637566623649964,
vivoi-pgaro-d7j64-broi5-wf4ig-3n2jq-sp366-rgh56-yx6do-gcx3w-mqe,2025-12-24,type3.1,"Europe,LV,Riga",rg1,Assigned,1,458272.4400410678,458272.4400410678,w4rem-dv5e3-widiz-wbpea-kbttk-mnzfm-tzrc7-svcj3-kbxyb-zamch-hqe,0.0010679372381500042,12160,13,0.0010679372381500042,0,
vivoi-pgaro-d7j64-broi5-wf4ig-3n2jq-sp366-rgh56-yx6do-gcx3w-mqe,2025-12-25,type3.1,"Europe,LV,Riga",rg1,Assigned,1,458272.4400410678,458272.4400410678,w4rem-dv5e3-widiz-wbpea-kbttk-mnzfm-tzrc7-svcj3-kbxyb-zamch-hqe,0.0008842443729903537,12271,22,0.001789636378426747,0.0009053920054363933,
vivoi-pgaro-d7j64-broi5-wf4ig-3n2jq-sp366-rgh56-yx6do-gcx3w-mqe,2025-12-26,type3.1,"Europe,LV,Riga",rg1,Assigned,1,458272.4400410678,458272.4400410678,w4rem-dv5e3-widiz-wbpea-kbttk-mnzfm-tzrc7-svcj3-kbxyb-zamch-hqe,0.0004694835680751174,12956,17,0.0013104139366376321,0.0008409303685625146,
vivoi-pgaro-d7j64-broi5-wf4ig-3n2jq-sp366-rgh56-yx6do-gcx3w-mqe,2025-12-27,type3.1,"Europe,LV,Riga",rg1,Assigned,1,458272.4400410678,458272.4400410678,w4rem-dv5e3-widiz-wbpea-kbttk-mnzfm-tzrc7-svcj3-kbxyb-zamch-hqe,0.0005519525320822409,14327,13,0.0009065550906555091,0.00035460255857326813,
vivoi-pgaro-d7j64-broi5-wf4ig-3n2jq-sp366-rgh56-yx6do-gcx3w-mqe,2025-12-28,type3.1,"Europe,LV,Riga",rg1,Assigned,1,458272.4400410678,458272.4400410678,w4rem-dv5e3-widiz-wbpea-kbttk-mnzfm-tzrc7-svcj3-kbxyb-zamch-hqe,0.002294071259588501,14077,31,0.0021973348454777434,0,
vivoi-pgaro-d7j64-broi5-wf4ig-3n2jq-sp366-rgh56-yx6do-gcx3w-mqe,2025-12-29,type3.1,"Europe,LV,Riga",rg1,Assigned,1,458272.4400410678,458272.4400410678,w4rem-dv5e3-widiz-wbpea-kbttk-mnzfm-tzrc7-svcj3-kbxyb-zamch-hqe,0.000781083575942626,14072,11,0.000781083575942626,0,
vivoi-pgaro-d7j64-broi5-wf4ig-3n2jq-sp366-rgh56-yx6do-gcx3w-mqe,2025-12-30,type3.1,"Europe,LV,Riga",rg1,Assigned,1,458272.4400410678,458272.4400410678,w4rem-dv5e3-widiz-wbpea-kbttk-mnzfm-tzrc7-svcj3-kbxyb-zamch-hqe,0.002577140071045483,14346,40,0.002780481023217017,0.0002033409521715335,
vivoi-pgaro-d7j64-broi5-wf4ig-3n2jq-sp366-rgh56-yx6do-gcx3w-mqe,2025-12-31,type3.1,"Europe,LV,Riga",rg1,Assigned,1,458272.4400410678,458272.4400410678,w4rem-dv5e3-widiz-wbpea-kbttk-mnzfm-tzrc7-svcj3-kbxyb-zamch-hqe,0.0007948551195895657,14080,13,0.0009224437664088555,0.00012758864681928974,
vivoi-pgaro-d7j64-broi5-wf4ig-3n2jq-sp366-rgh56-yx6do-gcx3w-mqe,2026-1-1,type3.1,"Europe,LV,Riga",rg1,Assigned,1,458272.4400410678,458272.4400410678,w4rem-dv5e3-widiz-wbpea-kbttk-mnzfm-tzrc7-svcj3-kbxyb-zamch-hqe,0.0020879832961336314,13699,41,0.0029839883551673945,0.0008960050590337636,
vivoi-pgaro-d7j64-broi5-wf4ig-3n2jq-sp366-rgh56-yx6do-gcx3w-mqe,2026-1-2,type3.1,"Europe,LV,Riga",rg1,Assigned,1,458272.4400410678,458272.4400410678,w4rem-dv5e3-widiz-wbpea-kbttk-mnzfm-tzrc7-svcj3-kbxyb-zamch-hqe,0.0008639930880552956,13769,31,0.002246376811594203,0.0013823837235389074,
vivoi-pgaro-d7j64-broi5-wf4ig-3n2jq-sp366-rgh56-yx6do-gcx3w-mqe,2026-1-3,type3.1,"Europe,LV,Riga",rg1,Assigned,1,458272.4400410678,458272.4400410678,w4rem-dv5e3-widiz-wbpea-kbttk-mnzfm-tzrc7-svcj3-kbxyb-zamch-hqe,0.007205825986968188,13172,70,0.005286210542214167,0,
vivoi-pgaro-d7j64-broi5-wf4ig-3n2jq-sp366-rgh56-yx6do-gcx3w-mqe,2026-1-4,type3.1,"Europe,LV,Riga",rg1,Assigned,1,458272.4400410678,458272.4400410678,w4rem-dv5e3-widiz-wbpea-kbttk-mnzfm-tzrc7-svcj3-kbxyb-zamch-hqe,0.005338474086157041,13358,20,0.0014949917775452235,0,
vivoi-pgaro-d7j64-broi5-wf4ig-3n2jq-sp366-rgh56-yx6do-gcx3w-mqe,2026-1-5,type3.1,"Europe,LV,Riga",rg1,Assigned,1,458272.4400410678,458272.4400410678,w4rem-dv5e3-widiz-wbpea-kbttk-mnzfm-tzrc7-svcj3-kbxyb-zamch-hqe,0.006126567680553554,13407,45,0.003345227475468332,0,
vivoi-pgaro-d7j64-broi5-wf4ig-3n2jq-sp366-rgh56-yx6do-gcx3w-mqe,2026-1-6,type3.1,"Europe,LV,Riga",rg1,Assigned,1,458272.4400410678,458272.4400410678,w4rem-dv5e3-widiz-wbpea-kbttk-mnzfm-tzrc7-svcj3-kbxyb-zamch-hqe,0.0073978309272426926,13795,87,0.006267108485808962,0,
vivoi-pgaro-d7j64-broi5-wf4ig-3n2jq-sp366-rgh56-yx6do-gcx3w-mqe,2026-1-7,type3.1,"Europe,LV,Riga",rg1,Assigned,1,458272.4400410678,458272.4400410678,w4rem-dv5e3-widiz-wbpea-kbttk-mnzfm-tzrc7-svcj3-kbxyb-zamch-hqe,0.002733855475099749,13597,59,0.004320445225541886,0.0015865897504421377,
vivoi-pgaro-d7j64-broi5-wf4ig-3n2jq-sp366-rgh56-yx6do-gcx3w-mqe,2026-1-8,type3.1,"Europe,LV,Riga",rg1,Assigned,1,458272.4400410678,458272.4400410678,w4rem-dv5e3-widiz-wbpea-kbttk-mnzfm-tzrc7-svcj3-kbxyb-zamch-hqe,0.0010127314814814816,13810,14,0.0010127314814814816,0,
vivoi-pgaro-d7j64-broi5-wf4ig-3n2jq-sp366-rgh56-yx6do-gcx3w-mqe,2026-1-9,type3.1,"Europe,LV,Riga",rg1,Assigned,1,458272.4400410678,458272.4400410678,w4rem-dv5e3-widiz-wbpea-kbttk-mnzfm-tzrc7-svcj3-kbxyb-zamch-hqe,0.0010210779665961638,14038,13,0.0009252010533058146,0,
vivoi-pgaro-d7j64-broi5-wf4ig-3n2jq-sp366-rgh56-yx6do-gcx3w-mqe,2026-1-10,type3.1,"Europe,LV,Riga",rg1,Assigned,1,458272.4400410678,458272.4400410678,w4rem-dv5e3-widiz-wbpea-kbttk-mnzfm-tzrc7-svcj3-kbxyb-zamch-hqe,0.0009927669834066091,14108,3,0.00021260009921337966,0,
vivoi-pgaro-d7j64-broi5-wf4ig-3n2jq-sp366-rgh56-yx6do-gcx3w-mqe,2026-1-11,type3.1,"Europe,LV,Riga",rg1,Assigned,1,458272.4400410678,458272.4400410678,w4rem-dv5e3-widiz-wbpea-kbttk-mnzfm-tzrc7-svcj3-kbxyb-zamch-hqe,0.000926519848905994,14107,3,0.00021261516654854713,0,
vivoi-pgaro-d7j64-broi5-wf4ig-3n2jq-sp366-rgh56-yx6do-gcx3w-mqe,2026-1-12,type3.1,"Europe,LV,Riga",rg1,Assigned,1,458272.4400410678,458272.4400410678,w4rem-dv5e3-widiz-wbpea-kbttk-mnzfm-tzrc7-svcj3-kbxyb-zamch-hqe,0.0007675668132021492,14445,5,0.0003460207612456748,0,
yf2ct-a2auf-nofdz-acf6v-ugwyb-k5f6j-5sr3y-7h3xi-svcdg-mhpgg-aae,2025-12-14,type3.1,"Europe,LV,Riga",rg1,Assigned,1,458272.4400410678,458272.4400410678,bkfrj-6k62g-dycql-7h53p-atvkj-zg4to-gaogh-netha-ptybj-ntsgw-rqe,0.00006588483331137172,15177,1,0.00006588483331137172,0,
yf2ct-a2auf-nofdz-acf6v-ugwyb-k5f6j-5sr3y-7h3xi-svcdg-mhpgg-aae,2025-12-15,type3.1,"Europe,LV,Riga",rg1,Assigned,1,458272.4400410678,458272.4400410678,bkfrj-6k62g-dycql-7h53p-atvkj-zg4to-gaogh-netha-ptybj-ntsgw-rqe,0.00013099292638197538,15173,0,0,0,
yf2ct-a2auf-nofdz-acf6v-ugwyb-k5f6j-5sr3y-7h3xi-svcdg-mhpgg-aae,2025-12-16,type3.1,"Europe,LV,Riga",rg1,Assigned,1,458272.4400410678,458272.4400410678,bkfrj-6k62g-dycql-7h53p-atvkj-zg4to-gaogh-netha-ptybj-ntsgw-rqe,0,15372,0,0,0,
yf2ct-a2auf-nofdz-acf6v-ugwyb-k5f6j-5sr3y-7h3xi-svcdg-mhpgg-aae,2025-12-17,type3.1,"Europe,LV,Riga",rg1,Assigned,1,458272.4400410678,458272.4400410678,bkfrj-6k62g-dycql-7h53p-atvkj-zg4to-gaogh-netha-ptybj-ntsgw-rqe,0,15160,0,0,0,
yf2ct-a2auf-nofdz-acf6v-ugwyb-k5f6j-5sr3y-7h3xi-svcdg-mhpgg-aae,2025-12-18,type3.1,"Europe,LV,Riga",rg1,Assigned,1,458272.4400410678,458272.4400410678,bkfrj-6k62g-dycql-7h53p-atvkj-zg4to-gaogh-netha-ptybj-ntsgw-rqe,0,15031,0,0,0,
yf2ct-a2auf-nofdz-acf6v-ugwyb-k5f6j-5sr3y-7h3xi-svcdg-mhpgg-aae,2025-12-19,type3.1,"Europe,LV,Riga",rg1,Assigned,1,458272.4400410678,458272.4400410678,bkfrj-6k62g-dycql-7h53p-atvkj-zg4to-gaogh-netha-ptybj-ntsgw-rqe,0,15120,0,0,0,
yf2ct-a2auf-nofdz-acf6v-ugwyb-k5f6j-5sr3y-7h3xi-svcdg-mhpgg-aae,2025-12-20,type3.1,"Europe,LV,Riga",rg1,Assigned,1,458272.4400410678,458272.4400410678,bkfrj-6k62g-dycql-7h53p-atvkj-zg4to-gaogh-netha-ptybj-ntsgw-rqe,0,15157,0,0,0,
yf2ct-a2auf-nofdz-acf6v-ugwyb-k5f6j-5sr3y-7h3xi-svcdg-mhpgg-aae,2025-12-21,type3.1,"Europe,LV,Riga",rg1,Assigned,1,458272.4400410678,458272.4400410678,bkfrj-6k62g-dycql-7h53p-atvkj-zg4to-gaogh-netha-ptybj-ntsgw-rqe,0,14888,0,0,0,
yf2ct-a2auf-nofdz-acf6v-ugwyb-k5f6j-5sr3y-7h3xi-svcdg-mhpgg-aae,2025-12-22,type3.1,"Europe,LV,Riga",rg1,Assigned,1,458272.4400410678,458272.4400410678,bkfrj-6k62g-dycql-7h53p-atvkj-zg4to-gaogh-netha-ptybj-ntsgw-rqe,0.0001329964090969544,15099,0,0,0,
yf2ct-a2auf-nofdz-acf6v-ugwyb-k5f6j-5sr3y-7h3xi-svcdg-mhpgg-aae,2025-12-23,type3.1,"Europe,LV,Riga",rg1,Assigned,1,458272.4400410678,458272.4400410678,bkfrj-6k62g-dycql-7h53p-atvkj-zg4to-gaogh-netha-ptybj-ntsgw-rqe,0,15065,0,0,0,
yf2ct-a2auf-nofdz-acf6v-ugwyb-k5f6j-5sr3y-7h3xi-svcdg-mhpgg-aae,2025-12-24,type3.1,"Europe,LV,Riga",rg1,Assigned,1,458272.4400410678,458272.4400410678,bkfrj-6k62g-dycql-7h53p-atvkj-zg4to-gaogh-netha-ptybj-ntsgw-rqe,0,15003,0,0,0,
yf2ct-a2auf-nofdz-acf6v-ugwyb-k5f6j-5sr3y-7h3xi-svcdg-mhpgg-aae,2025-12-25,type3.1,"Europe,LV,Riga",rg1,Assigned,1,458272.4400410678,458272.4400410678,bkfrj-6k62g-dycql-7h53p-atvkj-zg4to-gaogh-netha-ptybj-ntsgw-rqe,0,15075,0,0,0,
yf2ct-a2auf-nofdz-acf6v-ugwyb-k5f6j-5sr3y-7h3xi-svcdg-mhpgg-aae,2025-12-26,type3.1,"Europe,LV,Riga",rg1,Assigned,1,458272.4400410678,458272.4400410678,bkfrj-6k62g-dycql-7h53p-atvkj-zg4to-gaogh-netha-ptybj-ntsgw-rqe,0.00006665333599946678,14878,2,0.00013440860215053763,0.00006775526615107087,
yf2ct-a2auf-nofdz-acf6v-ugwyb-k5f6j-5sr3y-7h3xi-svcdg-mhpgg-aae,2025-12-27,type3.1,"Europe,LV,Riga",rg1,Assigned,1,458272.4400410678,458272.4400410678,bkfrj-6k62g-dycql-7h53p-atvkj-zg4to-gaogh-netha-ptybj-ntsgw-rqe,0,15015,0,0,0,
yf2ct-a2auf-nofdz-acf6v-ugwyb-k5f6j-5sr3y-7h3xi-svcdg-mhpgg-aae,2025-12-28,type3.1,"Europe,LV,Riga",rg1,Assigned,1,458272.4400410678,458272.4400410678,bkfrj-6k62g-dycql-7h53p-atvkj-zg4to-gaogh-netha-ptybj-ntsgw-rqe,0,14758,123,0.00826557355016464,0.00826557355016464,
yf2ct-a2auf-nofdz-acf6v-ugwyb-k5f6j-5sr3y-7h3xi-svcdg-mhpgg-aae,2025-12-29,type3.1,"Europe,LV,Riga",rg1,Assigned,1,458272.4400410678,458272.4400410678,bkfrj-6k62g-dycql-7h53p-atvkj-zg4to-gaogh-netha-ptybj-ntsgw-rqe,0,15216,0,0,0,
yf2ct-a2auf-nofdz-acf6v-ugwyb-k5f6j-5sr3y-7h3xi-svcdg-mhpgg-aae,2025-12-30,type3.1,"Europe,LV,Riga",rg1,Assigned,1,458272.4400410678,458272.4400410678,bkfrj-6k62g-dycql-7h53p-atvkj-zg4to-gaogh-netha-ptybj-ntsgw-rqe,0.00013287270794578795,15134,0,0,0,
yf2ct-a2auf-nofdz-acf6v-ugwyb-k5f6j-5sr3y-7h3xi-svcdg-mhpgg-aae,2025-12-31,type3.1,"Europe,LV,Riga",rg1,Assigned,1,458272.4400410678,458272.4400410678,bkfrj-6k62g-dycql-7h53p-atvkj-zg4to-gaogh-netha-ptybj-ntsgw-rqe,0,15080,0,0,0,
yf2ct-a2auf-nofdz-acf6v-ugwyb-k5f6j-5sr3y-7h3xi-svcdg-mhpgg-aae,2026-1-1,type3.1,"Europe,LV,Riga",rg1,Assigned,1,458272.4400410678,458272.4400410678,bkfrj-6k62g-dycql-7h53p-atvkj-zg4to-gaogh-netha-ptybj-ntsgw-rqe,0,14984,0,0,0,
yf2ct-a2auf-nofdz-acf6v-ugwyb-k5f6j-5sr3y-7h3xi-svcdg-mhpgg-aae,2026-1-2,type3.1,"Europe,LV,Riga",rg1,Assigned,1,458272.4400410678,458272.4400410678,bkfrj-6k62g-dycql-7h53p-atvkj-zg4to-gaogh-netha-ptybj-ntsgw-rqe,0.00006599788806758185,15084,0,0,0,
yf2ct-a2auf-nofdz-acf6v-ugwyb-k5f6j-5sr3y-7h3xi-svcdg-mhpgg-aae,2026-1-3,type3.1,"Europe,LV,Riga",rg1,Assigned,1,458272.4400410678,458272.4400410678,bkfrj-6k62g-dycql-7h53p-atvkj-zg4to-gaogh-netha-ptybj-ntsgw-rqe,0,15068,0,0,0,
yf2ct-a2auf-nofdz-acf6v-ugwyb-k5f6j-5sr3y-7h3xi-svcdg-mhpgg-aae,2026-1-4,type3.1,"Europe,LV,Riga",rg1,Assigned,1,458272.4400410678,458272.4400410678,bkfrj-6k62g-dycql-7h53p-atvkj-zg4to-gaogh-netha-ptybj-ntsgw-rqe,0,14981,0,0,0,
yf2ct-a2auf-nofdz-acf6v-ugwyb-k5f6j-5sr3y-7h3xi-svcdg-mhpgg-aae,2026-1-5,type3.1,"Europe,LV,Riga",rg1,Assigned,1,458272.4400410678,458272.4400410678,bkfrj-6k62g-dycql-7h53p-atvkj-zg4to-gaogh-netha-ptybj-ntsgw-rqe,0,15149,0,0,0,
yf2ct-a2auf-nofdz-acf6v-ugwyb-k5f6j-5sr3y-7h3xi-svcdg-mhpgg-aae,2026-1-6,type3.1,"Europe,LV,Riga",rg1,Assigned,1,458272.4400410678,458272.4400410678,bkfrj-6k62g-dycql-7h53p-atvkj-zg4to-gaogh-netha-ptybj-ntsgw-rqe,0.00013152702880441932,14791,124,0.008313778075762656,0.008182251046958237,
yf2ct-a2auf-nofdz-acf6v-ugwyb-k5f6j-5sr3y-7h3xi-svcdg-mhpgg-aae,2026-1-7,type3.1,"Europe,LV,Riga",rg1,Assigned,1,458272.4400410678,458272.4400410678,bkfrj-6k62g-dycql-7h53p-atvkj-zg4to-gaogh-netha-ptybj-ntsgw-rqe,0,15040,0,0,0,
yf2ct-a2auf-nofdz-acf6v-ugwyb-k5f6j-5sr3y-7h3xi-svcdg-mhpgg-aae,2026-1-8,type3.1,"Europe,LV,Riga",rg1,Assigned,1,458272.4400410678,458272.4400410678,bkfrj-6k62g-dycql-7h53p-atvkj-zg4to-gaogh-netha-ptybj-ntsgw-rqe,0,14913,0,0,0,
yf2ct-a2auf-nofdz-acf6v-ugwyb-k5f6j-5sr3y-7h3xi-svcdg-mhpgg-aae,2026-1-9,type3.1,"Europe,LV,Riga",rg1,Assigned,1,458272.4400410678,458272.4400410678,bkfrj-6k62g-dycql-7h53p-atvkj-zg4to-gaogh-netha-ptybj-ntsgw-rqe,0,15037,0,0,0,
yf2ct-a2auf-nofdz-acf6v-ugwyb-k5f6j-5sr3y-7h3xi-svcdg-mhpgg-aae,2026-1-10,type3.1,"Europe,LV,Riga",rg1,Assigned,1,458272.4400410678,458272.4400410678,bkfrj-6k62g-dycql-7h53p-atvkj-zg4to-gaogh-netha-ptybj-ntsgw-rqe,0,15054,0,0,0,
yf2ct-a2auf-nofdz-acf6v-ugwyb-k5f6j-5sr3y-7h3xi-svcdg-mhpgg-aae,2026-1-11,type3.1,"Europe,LV,Riga",rg1,Assigned,1,458272.4400410678,458272.4400410678,bkfrj-6k62g-dycql-7h53p-atvkj-zg4to-gaogh-netha-ptybj-ntsgw-rqe,0,15061,0,0,0,
yf2ct-a2auf-nofdz-acf6v-ugwyb-k5f6j-5sr3y-7h3xi-svcdg-mhpgg-aae,2026-1-12,type3.1,"Europe,LV,Riga",rg1,Assigned,1,458272.4400410678,458272.4400410678,bkfrj-6k62g-dycql-7h53p-atvkj-zg4to-gaogh-netha-ptybj-ntsgw-rqe,0,15194,0,0,0,
zi64g-qzbnp-3eu7w-mcz3p-2jb7a-he5lk-aru4t-goyi6-p2gtf-i4yqh-2ae,2025-12-14,type3.1,"Europe,LT,Vilnius",bt1,Unassigned,1,458272.4400410678,458272.4400410678,,,,,,,0.00007543250246603165
zi64g-qzbnp-3eu7w-mcz3p-2jb7a-he5lk-aru4t-goyi6-p2gtf-i4yqh-2ae,2025-12-15,type3.1,"Europe,LT,Vilnius",bt1,Unassigned,1,458272.4400410678,458272.4400410678,,,,,,,0
zi64g-qzbnp-3eu7w-mcz3p-2jb7a-he5lk-aru4t-goyi6-p2gtf-i4yqh-2ae,2025-12-16,type3.1,"Europe,LT,Vilnius",bt1,Unassigned,1,458272.4400410678,458272.4400410678,,,,,,,0.00003242780340878606
zi64g-qzbnp-3eu7w-mcz3p-2jb7a-he5lk-aru4t-goyi6-p2gtf-i4yqh-2ae,2025-12-17,type3.1,"Europe,LT,Vilnius",bt1,Unassigned,1,458272.4400410678,458272.4400410678,,,,,,,0
zi64g-qzbnp-3eu7w-mcz3p-2jb7a-he5lk-aru4t-goyi6-p2gtf-i4yqh-2ae,2025-12-18,type3.1,"Europe,LT,Vilnius",bt1,Unassigned,1,458272.4400410678,458272.4400410678,,,,,,,0.00013058622358767073
zi64g-qzbnp-3eu7w-mcz3p-2jb7a-he5lk-aru4t-goyi6-p2gtf-i4yqh-2ae,2025-12-19,type3.1,"Europe,LT,Vilnius",bt1,Unassigned,1,458272.4400410678,458272.4400410678,,,,,,,0
zk7wk-ueuvm-5quvh-lm6kq-etjru-i63xr-u2xmc-srfx6-uzqq4-jx5j2-nae,2025-12-14,type3.1,"Europe,LT,Vilnius",bt1,Assigned,1,458272.4400410678,458272.4400410678,x33ed-h457x-bsgyx-oqxqf-6pzwv-wkhzr-rm2j3-npodi-purzm-n66cg-gae,0.003153153153153153,4339,10,0.002299379167624741,0,
zk7wk-ueuvm-5quvh-lm6kq-etjru-i63xr-u2xmc-srfx6-uzqq4-jx5j2-nae,2025-12-15,type3.1,"Europe,LT,Vilnius",bt1,Assigned,1,458272.4400410678,458272.4400410678,x33ed-h457x-bsgyx-oqxqf-6pzwv-wkhzr-rm2j3-npodi-purzm-n66cg-gae,0.0025,4262,0,0,0,
zk7wk-ueuvm-5quvh-lm6kq-etjru-i63xr-u2xmc-srfx6-uzqq4-jx5j2-nae,2025-12-16,type3.1,"Europe,LT,Vilnius",bt1,Assigned,1,458272.4400410678,458272.4400410678,x33ed-h457x-bsgyx-oqxqf-6pzwv-wkhzr-rm2j3-npodi-purzm-n66cg-gae,0.0016758439071103664,4275,3,0.0007012622720897617,0,
zk7wk-ueuvm-5quvh-lm6kq-etjru-i63xr-u2xmc-srfx6-uzqq4-jx5j2-nae,2025-12-17,type3.1,"Europe,LT,Vilnius",bt1,Assigned,1,458272.4400410678,458272.4400410678,x33ed-h457x-bsgyx-oqxqf-6pzwv-wkhzr-rm2j3-npodi-purzm-n66cg-gae,0.002817562808170932,4250,7,0.001644350481559784,0,
zk7wk-ueuvm-5quvh-lm6kq-etjru-i63xr-u2xmc-srfx6-uzqq4-jx5j2-nae,2025-12-18,type3.1,"Europe,LT,Vilnius",bt1,Assigned,1,458272.4400410678,458272.4400410678,x33ed-h457x-bsgyx-oqxqf-6pzwv-wkhzr-rm2j3-npodi-purzm-n66cg-gae,0.0027662517289073307,4318,1,0.000231535077564251,0,
zk7wk-ueuvm-5quvh-lm6kq-etjru-i63xr-u2xmc-srfx6-uzqq4-jx5j2-nae,2025-12-19,type3.1,"Europe,LT,Vilnius",bt1,Assigned,1,458272.4400410678,458272.4400410678,x33ed-h457x-bsgyx-oqxqf-6pzwv-wkhzr-rm2j3-npodi-purzm-n66cg-gae,0.0013608528010886822,4305,1,0.00023223409196470042,0,
zk7wk-ueuvm-5quvh-lm6kq-etjru-i63xr-u2xmc-srfx6-uzqq4-jx5j2-nae,2025-12-20,type3.1,"Europe,LT,Vilnius",bt1,Assigned,1,458272.4400410678,458272.4400410678,x33ed-h457x-bsgyx-oqxqf-6pzwv-wkhzr-rm2j3-npodi-purzm-n66cg-gae,0.0018219084491004327,4390,13,0.0029525323642970703,0.0011306239151966375,
zk7wk-ueuvm-5quvh-lm6kq-etjru-i63xr-u2xmc-srfx6-uzqq4-jx5j2-nae,2025-12-21,type3.1,"Europe,LT,Vilnius",bt1,Assigned,1,458272.4400410678,458272.4400410678,x33ed-h457x-bsgyx-oqxqf-6pzwv-wkhzr-rm2j3-npodi-purzm-n66cg-gae,0.0018120045300113253,4333,17,0.003908045977011494,0.0020960414470001694,
zk7wk-ueuvm-5quvh-lm6kq-etjru-i63xr-u2xmc-srfx6-uzqq4-jx5j2-nae,2025-12-22,type3.1,"Europe,LT,Vilnius",bt1,Assigned,1,458272.4400410678,458272.4400410678,x33ed-h457x-bsgyx-oqxqf-6pzwv-wkhzr-rm2j3-npodi-purzm-n66cg-gae,0.00277713492247165,4491,0,0,0,
zk7wk-ueuvm-5quvh-lm6kq-etjru-i63xr-u2xmc-srfx6-uzqq4-jx5j2-nae,2025-12-23,type3.1,"Europe,LT,Vilnius",bt1,Assigned,1,458272.4400410678,458272.4400410678,x33ed-h457x-bsgyx-oqxqf-6pzwv-wkhzr-rm2j3-npodi-purzm-n66cg-gae,0.0020389669234254647,4384,2,0.00045599635202918376,0,
zk7wk-ueuvm-5quvh-lm6kq-etjru-i63xr-u2xmc-srfx6-uzqq4-jx5j2-nae,2025-12-24,type3.1,"Europe,LT,Vilnius",bt1,Assigned,1,458272.4400410678,458272.4400410678,x33ed-h457x-bsgyx-oqxqf-6pzwv-wkhzr-rm2j3-npodi-purzm-n66cg-gae,0.0015912707433507617,4542,8,0.0017582417582417582,0.00016697101489099672,
zk7wk-ueuvm-5quvh-lm6kq-etjru-i63xr-u2xmc-srfx6-uzqq4-jx5j2-nae,2025-12-25,type3.1,"Europe,LT,Vilnius",bt1,Assigned,1,458272.4400410678,458272.4400410678,x33ed-h457x-bsgyx-oqxqf-6pzwv-wkhzr-rm2j3-npodi-purzm-n66cg-gae,0.0038671519563239307,4367,0,0,0,
zk7wk-ueuvm-5quvh-lm6kq-etjru-i63xr-u2xmc-srfx6-uzqq4-jx5j2-nae,2025-12-26,type3.1,"Europe,LT,Vilnius",bt1,Assigned,1,458272.4400410678,458272.4400410678,x33ed-h457x-bsgyx-oqxqf-6pzwv-wkhzr-rm2j3-npodi-purzm-n66cg-gae,0.0034145231049396768,4248,2,0.00047058823529411766,0,
zk7wk-ueuvm-5quvh-lm6kq-etjru-i63xr-u2xmc-srfx6-uzqq4-jx5j2-nae,2025-12-27,type3.1,"Europe,LT,Vilnius",bt1,Assigned,1,458272.4400410678,458272.4400410678,x33ed-h457x-bsgyx-oqxqf-6pzwv-wkhzr-rm2j3-npodi-purzm-n66cg-gae,0.0018533772652388797,4610,0,0,0,
zk7wk-ueuvm-5quvh-lm6kq-etjru-i63xr-u2xmc-srfx6-uzqq4-jx5j2-nae,2025-12-28,type3.1,"Europe,LT,Vilnius",bt1,Assigned,1,458272.4400410678,458272.4400410678,x33ed-h457x-bsgyx-oqxqf-6pzwv-wkhzr-rm2j3-npodi-purzm-n66cg-gae,0.004024530471444998,5175,0,0,0,
zk7wk-ueuvm-5quvh-lm6kq-etjru-i63xr-u2xmc-srfx6-uzqq4-jx5j2-nae,2025-12-29,type3.1,"Europe,LT,Vilnius",bt1,Assigned,1,458272.4400410678,458272.4400410678,x33ed-h457x-bsgyx-oqxqf-6pzwv-wkhzr-rm2j3-npodi-purzm-n66cg-gae,0.0051322542439794705,5065,5,0.0009861932938856016,0,
zk7wk-ueuvm-5quvh-lm6kq-etjru-i63xr-u2xmc-srfx6-uzqq4-jx5j2-nae,2025-12-30,type3.1,"Europe,LT,Vilnius",bt1,Assigned,1,458272.4400410678,458272.4400410678,x33ed-h457x-bsgyx-oqxqf-6pzwv-wkhzr-rm2j3-npodi-purzm-n66cg-gae,0.005965400676078743,4952,1,0.0002018978396931153,0,
zk7wk-ueuvm-5quvh-lm6kq-etjru-i63xr-u2xmc-srfx6-uzqq4-jx5j2-nae,2025-12-31,type3.1,"Europe,LT,Vilnius",bt1,Assigned,1,458272.4400410678,458272.4400410678,x33ed-h457x-bsgyx-oqxqf-6pzwv-wkhzr-rm2j3-npodi-purzm-n66cg-gae,0.0017769002961500495,5263,1,0.00018996960486322188,0,
zk7wk-ueuvm-5quvh-lm6kq-etjru-i63xr-u2xmc-srfx6-uzqq4-jx5j2-nae,2026-1-1,type3.1,"Europe,LT,Vilnius",bt1,Assigned,1,458272.4400410678,458272.4400410678,x33ed-h457x-bsgyx-oqxqf-6pzwv-wkhzr-rm2j3-npodi-purzm-n66cg-gae,0.0033557046979865775,5052,0,0,0,
zk7wk-ueuvm-5quvh-lm6kq-etjru-i63xr-u2xmc-srfx6-uzqq4-jx5j2-nae,2026-1-2,type3.1,"Europe,LT,Vilnius",bt1,Assigned,1,458272.4400410678,458272.4400410678,x33ed-h457x-bsgyx-oqxqf-6pzwv-wkhzr-rm2j3-npodi-purzm-n66cg-gae,0.005968961400716276,5073,0,0,0,
zk7wk-ueuvm-5quvh-lm6kq-etjru-i63xr-u2xmc-srfx6-uzqq4-jx5j2-nae,2026-1-3,type3.1,"Europe,LT,Vilnius",bt1,Assigned,1,458272.4400410678,458272.4400410678,x33ed-h457x-bsgyx-oqxqf-6pzwv-wkhzr-rm2j3-npodi-purzm-n66cg-gae,0.011902185674096517,4554,52,0.011289622231871473,0,
zk7wk-ueuvm-5quvh-lm6kq-etjru-i63xr-u2xmc-srfx6-uzqq4-jx5j2-nae,2026-1-4,type3.1,"Europe,LT,Vilnius",bt1,Assigned,1,458272.4400410678,458272.4400410678,x33ed-h457x-bsgyx-oqxqf-6pzwv-wkhzr-rm2j3-npodi-purzm-n66cg-gae,0.008589511754068717,4341,71,0.016092475067996374,0.007502963313927658,
zk7wk-ueuvm-5quvh-lm6kq-etjru-i63xr-u2xmc-srfx6-uzqq4-jx5j2-nae,2026-1-5,type3.1,"Europe,LT,Vilnius",bt1,Assigned,1,458272.4400410678,458272.4400410678,x33ed-h457x-bsgyx-oqxqf-6pzwv-wkhzr-rm2j3-npodi-purzm-n66cg-gae,0.007267121779343757,4558,20,0.00436871996505024,0,
zk7wk-ueuvm-5quvh-lm6kq-etjru-i63xr-u2xmc-srfx6-uzqq4-jx5j2-nae,2026-1-6,type3.1,"Europe,LT,Vilnius",bt1,Assigned,1,458272.4400410678,458272.4400410678,x33ed-h457x-bsgyx-oqxqf-6pzwv-wkhzr-rm2j3-npodi-purzm-n66cg-gae,0.011240721102863201,4426,2,0.00045167118337850043,0,
zk7wk-ueuvm-5quvh-lm6kq-etjru-i63xr-u2xmc-srfx6-uzqq4-jx5j2-nae,2026-1-7,type3.1,"Europe,LT,Vilnius",bt1,Assigned,1,458272.4400410678,458272.4400410678,x33ed-h457x-bsgyx-oqxqf-6pzwv-wkhzr-rm2j3-npodi-purzm-n66cg-gae,0.005879790940766551,4628,2,0.0004319654427645789,0,
zk7wk-ueuvm-5quvh-lm6kq-etjru-i63xr-u2xmc-srfx6-uzqq4-jx5j2-nae,2026-1-8,type3.1,"Europe,LT,Vilnius",bt1,Assigned,1,458272.4400410678,458272.4400410678,x33ed-h457x-bsgyx-oqxqf-6pzwv-wkhzr-rm2j3-npodi-purzm-n66cg-gae,0.006492228998622861,4902,18,0.003658536585365854,0,
zk7wk-ueuvm-5quvh-lm6kq-etjru-i63xr-u2xmc-srfx6-uzqq4-jx5j2-nae,2026-1-9,type3.1,"Europe,LT,Vilnius",bt1,Assigned,1,458272.4400410678,458272.4400410678,x33ed-h457x-bsgyx-oqxqf-6pzwv-wkhzr-rm2j3-npodi-purzm-n66cg-gae,0.0031790184780449036,5053,5,0.0009885330170027679,0,
zk7wk-ueuvm-5quvh-lm6kq-etjru-i63xr-u2xmc-srfx6-uzqq4-jx5j2-nae,2026-1-10,type3.1,"Europe,LT,Vilnius",bt1,Assigned,1,458272.4400410678,458272.4400410678,x33ed-h457x-bsgyx-oqxqf-6pzwv-wkhzr-rm2j3-npodi-purzm-n66cg-gae,0.0039447731755424065,5065,1,0.00019739439399921044,0,
zk7wk-ueuvm-5quvh-lm6kq-etjru-i63xr-u2xmc-srfx6-uzqq4-jx5j2-nae,2026-1-11,type3.1,"Europe,LT,Vilnius",bt1,Assigned,1,458272.4400410678,458272.4400410678,x33ed-h457x-bsgyx-oqxqf-6pzwv-wkhzr-rm2j3-npodi-purzm-n66cg-gae,0.003999200159968007,5022,0,0,0,
zk7wk-ueuvm-5quvh-lm6kq-etjru-i63xr-u2xmc-srfx6-uzqq4-jx5j2-nae,2026-1-12,type3.1,"Europe,LT,Vilnius",bt1,Assigned,1,458272.4400410678,458272.4400410678,x33ed-h457x-bsgyx-oqxqf-6pzwv-wkhzr-rm2j3-npodi-purzm-n66cg-gae,0.003092385001932741,5134,1,0.00019474196689386566,0,
