day_utc,node_id,node_reward_type,region,dc_id,node_status,performance_multiplier,base_rewards_xdr_permyriad,adjusted_rewards_xdr_permyriad,subnet_assigned,subnet_assigned_failure_rate,num_blocks_proposed,num_blocks_failed,original_failure_rate,relative_failure_rate,extrapolated_failure_rate
2025-12-14,ghmoa-vaks4-tubtk-z3wml-wglax-lrfzt-6lh7y-uwgzg-ly4iv-zubjh-iqe,type1.1,"North America,US,Texas",hu1,Unassigned,1,329856.26283367554,329856.26283367554,,,,,,,0.012710494872532329
2025-12-14,7r64j-zqmz7-krqtz-zetpm-x56et-wkege-el55a-nbgwx-dffso-lbtob-4qe,type1.1,"North America,US,Texas",hu1,Assigned,1,329856.26283367554,329856.26283367554,2zs4v-uoqha-xsuun-lveyr-i4ktc-5y3ju-aysud-niobd-gxnqa-ctqem-hae,0.00141643059490085,16292,0,0,0,
2025-12-14,wxhcm-5armm-j6fvs-lts6q-waitz-k6t4q-ncfbh-2t6ee-nv2tn-keod2-uae,type1.1,"North America,US,Texas",hu1,Unassigned,1,329856.26283367554,329856.26283367554,,,,,,,0.012710494872532329
2025-12-14,wh2dv-njrdv-4xdwd-dflb2-mjoel-l6pkz-e37ap-pkcjx-jyasn-hawsc-wqe,type1.1,"North America,US,Texas",hu1,Assigned,1,329856.26283367554,329856.26283367554,qdvhd-os4o2-zzrdw-xrcv4-gljou-eztdp-bj326-e6jgr-tkhuc-ql6v2-yqe,0.0626402993051844,8150,1177,0.12619277366784606,0.06355247436266165,
2025-12-14,wix7d-hb2a6-2pcsi-xwm54-gmlxk-gfh3d-dtfog-h7o35-vzm56-w7h34-6qe,type1.1,"North America,US,Texas",hu1,Assigned,1,329856.26283367554,329856.26283367554,pzp6e-ekpqk-3c5x7-2h6so-njoeq-mt45d-h3h6c-q3mxf-vpeq5-fk5o7-yae,0.0045701849836779105,4607,1,0.00021701388888888888,0,
2025-12-14,ayugg-n2ex3-azu4v-3sddp-mtbj5-k3ygp-tcmmy-pp2f3-3faes-hw77i-aqe,type1.1,"North America,US,Texas",hu1,Unassigned,1,329856.26283367554,329856.26283367554,,,,,,,0.012710494872532329
2025-12-14,5qmio-5ls3e-yujlz-eqt7k-qk5ys-bscfd-7w2rn-2q3fq-6smjq-n7asc-xae,type1.1,"North America,US,Texas",hu1,Unassigned,1,329856.26283367554,329856.26283367554,,,,,,,0.012710494872532329
2025-12-14,6pt6z-rdv25-glenj-xvuq3-zdeeu-4c74r-smqeh-tgt34-exgd6-2wxvv-eqe,type1.1,"North America,US,Texas",hu1,Assigned,1,329856.26283367554,329856.26283367554,yinp6-35cfo-wgcd2-oc4ty-2kqpf-t4dul-rfk33-fsq3r-mfmua-m2ngh-jqe,0.002264639275315432,15286,10,0.000653765690376569,0,
2025-12-14,xcfmt-vumwz-773ew-pvwnt-lgwlu-prfzm-lvitu-bx7ru-ncgqg-srhut-mae,type1.1,"North America,US,Texas",hu1,Unassigned,1,329856.26283367554,329856.26283367554,,,,,,,0.012710494872532329
2025-12-14,m2g5i-bmomq-dyjao-k642i-fsfxg-trxki-6i42q-hm6ec-xu5cd-n5jhq-sqe,type1.1,"North America,US,Texas",hu1,Assigned,1,329856.26283367554,329856.26283367554,tdb26-jop6k-aogll-7ltgs-eruif-6kk7m-qpktf-gdiqx-mxtrf-vb5e6-eqe,0.0018832391713747647,3701,2,0.0005401026194977046,0,
2025-12-14,wqqsg-ww46o-muchq-pty53-amebx-mucdz-ugjkt-fvjqr-5ncmg-knqg4-aqe,type1.1,"North America,US,Texas",hu1,Unassigned,1,329856.26283367554,329856.26283367554,,,,,,,0.012710494872532329
2025-12-14,yqbqe-whgvn-teyic-zvtln-rcolf-yztin-ecal6-smlwy-6imph-6isdn-qqe,type1.1,"North America,US,Texas",hu1,Unassigned,1,329856.26283367554,329856.26283367554,,,,,,,0.012710494872532329
2025-12-14,ham46-r7u4j-yoyrk-mrnxu-utzq3-c37he-vcns2-gc5yg-jxyv5-mvlhc-gae,type1.1,"North America,US,Texas",hu1,Unassigned,1,329856.26283367554,329856.26283367554,,,,,,,0.012710494872532329
2025-12-14,neypk-wxwvh-bzfjp-vavf3-hy5nz-wl6we-dbh3z-viyiu-d33wb-4zh4y-rae,type1.1,"North America,US,Texas",hu1,Unassigned,1,329856.26283367554,329856.26283367554,,,,,,,0.012710494872532329
2025-12-15,ghmoa-vaks4-tubtk-z3wml-wglax-lrfzt-6lh7y-uwgzg-ly4iv-zubjh-iqe,type1.1,"North America,US,Texas",hu1,Unassigned,1,329856.26283367554,329856.26283367554,,,,,,,0
2025-12-15,7r64j-zqmz7-krqtz-zetpm-x56et-wkege-el55a-nbgwx-dffso-lbtob-4qe,type1.1,"North America,US,Texas",hu1,Assigned,1,329856.26283367554,329856.26283367554,2zs4v-uoqha-xsuun-lveyr-i4ktc-5y3ju-aysud-niobd-gxnqa-ctqem-hae,0.0032324236961521727,16093,1,0.00006213495712687958,0,
2025-12-15,wxhcm-5armm-j6fvs-lts6q-waitz-k6t4q-ncfbh-2t6ee-nv2tn-keod2-uae,type1.1,"North America,US,Texas",hu1,Unassigned,1,329856.26283367554,329856.26283367554,,,,,,,0
2025-12-15,wh2dv-njrdv-4xdwd-dflb2-mjoel-l6pkz-e37ap-pkcjx-jyasn-hawsc-wqe,type1.1,"North America,US,Texas",hu1,Assigned,1,329856.26283367554,329856.26283367554,qdvhd-os4o2-zzrdw-xrcv4-gljou-eztdp-bj326-e6jgr-tkhuc-ql6v2-yqe,0.04023767330345043,9415,7,0.0007429420505200595,0,
2025-12-15,wix7d-hb2a6-2pcsi-xwm54-gmlxk-gfh3d-dtfog-h7o35-vzm56-w7h34-6qe,type1.1,"North America,US,Texas",hu1,Assigned,1,329856.26283367554,329856.26283367554,pzp6e-ekpqk-3c5x7-2h6so-njoeq-mt45d-h3h6c-q3mxf-vpeq5-fk5o7-yae,0.009263657957244657,4044,1,0.00024721878862793575,0,
2025-12-15,ayugg-n2ex3-azu4v-3sddp-mtbj5-k3ygp-tcmmy-pp2f3-3faes-hw77i-aqe,type1.1,"North America,US,Texas",hu1,Unassigned,1,329856.26283367554,329856.26283367554,,,,,,,0
2025-12-15,5qmio-5ls3e-yujlz-eqt7k-qk5ys-bscfd-7w2rn-2q3fq-6smjq-n7asc-xae,type1.1,"North America,US,Texas",hu1,Unassigned,1,329856.26283367554,329856.26283367554,,,,,,,0
2025-12-15,6pt6z-rdv25-glenj-xvuq3-zdeeu-4c74r-smqeh-tgt34-exgd6-2wxvv-eqe,type1.1,"North America,US,Texas",hu1,Assigned,1,329856.26283367554,329856.26283367554,yinp6-35cfo-wgcd2-oc4ty-2kqpf-t4dul-rfk33-fsq3r-mfmua-m2ngh-jqe,0.001988836851222172,15189,1,0.00006583278472679395,0,
2025-12-15,xcfmt-vumwz-773ew-pvwnt-lgwlu-prfzm-lvitu-bx7ru-ncgqg-srhut-mae,type1.1,"North America,US,Texas",hu1,Unassigned,1,329856.26283367554,329856.26283367554,,,,,,,0
2025-12-15,m2g5i-bmomq-dyjao-k642i-fsfxg-trxki-6i42q-hm6ec-xu5cd-n5jhq-sqe,type1.1,"North America,US,Texas",hu1,Assigned,1,329856.26283367554,329856.26283367554,tdb26-jop6k-aogll-7ltgs-eruif-6kk7m-qpktf-gdiqx-mxtrf-vb5e6-eqe,0.003207698476343224,3716,0,0,0,
2025-12-15,wqqsg-ww46o-muchq-pty53-amebx-mucdz-ugjkt-fvjqr-5ncmg-knqg4-aqe,type1.1,"North America,US,Texas",hu1,Unassigned,1,329856.26283367554,329856.26283367554,,,,,,,0
2025-12-15,yqbqe-whgvn-teyic-zvtln-rcolf-yztin-ecal6-smlwy-6imph-6isdn-qqe,type1.1,"North America,US,Texas",hu1,Unassigned,1,329856.26283367554,329856.26283367554,,,,,,,0
2025-12-15,ham46-r7u4j-yoyrk-mrnxu-utzq3-c37he-vcns2-gc5yg-jxyv5-mvlhc-gae,type1.1,"North America,US,Texas",hu1,Unassigned,1,329856.26283367554,329856.26283367554,,,,,,,0
2025-12-15,neypk-wxwvh-bzfjp-vavf3-hy5nz-wl6we-dbh3z-viyiu-d33wb-4zh4y-rae,type1.1,"North America,US,Texas",hu1,Unassigned,1,329856.26283367554,329856.26283367554,,,,,,,0
2025-12-16,ghmoa-vaks4-tubtk-z3wml-wglax-lrfzt-6lh7y-uwgzg-ly4iv-zubjh-iqe,type1.1,"North America,US,Texas",hu1,Unassigned,1,329856.26283367554,329856.26283367554,,,,,,,0.0104986062939466
2025-12-16,7r64j-zqmz7-krqtz-zetpm-x56et-wkege-el55a-nbgwx-dffso-lbtob-4qe,type1.1,"North America,US,Texas",hu1,Assigned,1,329856.26283367554,329856.26283367554,2zs4v-uoqha-xsuun-lveyr-i4ktc-5y3ju-aysud-niobd-gxnqa-ctqem-hae,0.002269432011599319,15743,9,0.0005713560182833926,0,
2025-12-16,wxhcm-5armm-j6fvs-lts6q-waitz-k6t4q-ncfbh-2t6ee-nv2tn-keod2-uae,type1.1,"North America,US,Texas",hu1,Unassigned,1,329856.26283367554,329856.26283367554,,,,,,,0.0104986062939466
2025-12-16,wh2dv-njrdv-4xdwd-dflb2-mjoel-l6pkz-e37ap-pkcjx-jyasn-hawsc-wqe,type1.1,"North America,US,Texas",hu1,Assigned,1,329856.26283367554,329856.26283367554,qdvhd-os4o2-zzrdw-xrcv4-gljou-eztdp-bj326-e6jgr-tkhuc-ql6v2-yqe,0.04725262815649724,8141,902,0.09974565962623023,0.052493031469733,
2025-12-16,wix7d-hb2a6-2pcsi-xwm54-gmlxk-gfh3d-dtfog-h7o35-vzm56-w7h34-6qe,type1.1,"North America,US,Texas",hu1,Assigned,1,329856.26283367554,329856.26283367554,pzp6e-ekpqk-3c5x7-2h6so-njoeq-mt45d-h3h6c-q3mxf-vpeq5-fk5o7-yae,0.005505505505505506,4029,0,0,0,
2025-12-16,ayugg-n2ex3-azu4v-3sddp-mtbj5-k3ygp-tcmmy-pp2f3-3faes-hw77i-aqe,type1.1,"North America,US,Texas",hu1,Unassigned,1,329856.26283367554,329856.26283367554,,,,,,,0.0104986062939466
2025-12-16,5qmio-5ls3e-yujlz-eqt7k-qk5ys-bscfd-7w2rn-2q3fq-6smjq-n7asc-xae,type1.1,"North America,US,Texas",hu1,Unassigned,1,329856.26283367554,329856.26283367554,,,,,,,0.0104986062939466
2025-12-16,6pt6z-rdv25-glenj-xvuq3-zdeeu-4c74r-smqeh-tgt34-exgd6-2wxvv-eqe,type1.1,"North America,US,Texas",hu1,Assigned,1,329856.26283367554,329856.26283367554,yinp6-35cfo-wgcd2-oc4ty-2kqpf-t4dul-rfk33-fsq3r-mfmua-m2ngh-jqe,0.0033204940895205206,15133,6,0.00039632736640465025,0,
2025-12-16,xcfmt-vumwz-773ew-pvwnt-lgwlu-prfzm-lvitu-bx7ru-ncgqg-srhut-mae,type1.1,"North America,US,Texas",hu1,Unassigned,1,329856.26283367554,329856.26283367554,,,,,,,0.0104986062939466
2025-12-16,m2g5i-bmomq-dyjao-k642i-fsfxg-trxki-6i42q-hm6ec-xu5cd-n5jhq-sqe,type1.1,"North America,US,Texas",hu1,Assigned,1,329856.26283367554,329856.26283367554,tdb26-jop6k-aogll-7ltgs-eruif-6kk7m-qpktf-gdiqx-mxtrf-vb5e6-eqe,0.0015155342258145997,3774,0,0,0,
2025-12-16,wqqsg-ww46o-muchq-pty53-amebx-mucdz-ugjkt-fvjqr-5ncmg-knqg4-aqe,type1.1,"North America,US,Texas",hu1,Unassigned,1,329856.26283367554,329856.26283367554,,,,,,,0.0104986062939466
2025-12-16,yqbqe-whgvn-teyic-zvtln-rcolf-yztin-ecal6-smlwy-6imph-6isdn-qqe,type1.1,"North America,US,Texas",hu1,Unassigned,1,329856.26283367554,329856.26283367554,,,,,,,0.0104986062939466
2025-12-16,ham46-r7u4j-yoyrk-mrnxu-utzq3-c37he-vcns2-gc5yg-jxyv5-mvlhc-gae,type1.1,"North America,US,Texas",hu1,Unassigned,1,329856.26283367554,329856.26283367554,,,,,,,0.0104986062939466
2025-12-16,neypk-wxwvh-bzfjp-vavf3-hy5nz-wl6we-dbh3z-viyiu-d33wb-4zh4y-rae,type1.1,"North America,US,Texas",hu1,Unassigned,1,329856.26283367554,329856.26283367554,,,,,,,0.0104986062939466
2025-12-17,ghmoa-vaks4-tubtk-z3wml-wglax-lrfzt-6lh7y-uwgzg-ly4iv-zubjh-iqe,type1.1,"North America,US,Texas",hu1,Unassigned,1,329856.26283367554,329856.26283367554,,,,,,,0
2025-12-17,7r64j-zqmz7-krqtz-zetpm-x56et-wkege-el55a-nbgwx-dffso-lbtob-4qe,type1.1,"North America,US,Texas",hu1,Assigned,1,329856.26283367554,329856.26283367554,2zs4v-uoqha-xsuun-lveyr-i4ktc-5y3ju-aysud-niobd-gxnqa-ctqem-hae,0.0028576753432316584,15978,0,0,0,
2025-12-17,wxhcm-5armm-j6fvs-lts6q-waitz-k6t4q-ncfbh-2t6ee-nv2tn-keod2-uae,type1.1,"North America,US,Texas",hu1,Unassigned,1,329856.26283367554,329856.26283367554,,,,,,,0
2025-12-17,wh2dv-njrdv-4xdwd-dflb2-mjoel-l6pkz-e37ap-pkcjx-jyasn-hawsc-wqe,type1.1,"North America,US,Texas",hu1,Assigned,1,329856.26283367554,329856.26283367554,qdvhd-os4o2-zzrdw-xrcv4-gljou-eztdp-bj326-e6jgr-tkhuc-ql6v2-yqe,0.042906425183268655,8878,398,0.042906425183268655,0,
2025-12-17,wix7d-hb2a6-2pcsi-xwm54-gmlxk-gfh3d-dtfog-h7o35-vzm56-w7h34-6qe,type1.1,"North America,US,Texas",hu1,Assigned,1,329856.26283367554,329856.26283367554,pzp6e-ekpqk-3c5x7-2h6so-njoeq-mt45d-h3h6c-q3mxf-vpeq5-fk5o7-yae,0.005120327700972862,3949,2,0.0005062009617818274,0,
2025-12-17,ayugg-n2ex3-azu4v-3sddp-mtbj5-k3ygp-tcmmy-pp2f3-3faes-hw77i-aqe,type1.1,"North America,US,Texas",hu1,Unassigned,1,329856.26283367554,329856.26283367554,,,,,,,0
2025-12-17,5qmio-5ls3e-yujlz-eqt7k-qk5ys-bscfd-7w2rn-2q3fq-6smjq-n7asc-xae,type1.1,"North America,US,Texas",hu1,Unassigned,1,329856.26283367554,329856.26283367554,,,,,,,0
2025-12-17,6pt6z-rdv25-glenj-xvuq3-zdeeu-4c74r-smqeh-tgt34-exgd6-2wxvv-eqe,type1.1,"North America,US,Texas",hu1,Assigned,1,329856.26283367554,329856.26283367554,yinp6-35cfo-wgcd2-oc4ty-2kqpf-t4dul-rfk33-fsq3r-mfmua-m2ngh-jqe,0.003960010386912491,15425,12,0.000777353112651422,0,
2025-12-17,xcfmt-vumwz-773ew-pvwnt-lgwlu-prfzm-lvitu-bx7ru-ncgqg-srhut-mae,type1.1,"North America,US,Texas",hu1,Unassigned,1,329856.26283367554,329856.26283367554,,,,,,,0
2025-12-17,m2g5i-bmomq-dyjao-k642i-fsfxg-trxki-6i42q-hm6ec-xu5cd-n5jhq-sqe,type1.1,"North America,US,Texas",hu1,Assigned,1,329856.26283367554,329856.26283367554,tdb26-jop6k-aogll-7ltgs-eruif-6kk7m-qpktf-gdiqx-mxtrf-vb5e6-eqe,0.002683123155352831,3756,0,0,0,
2025-12-17,wqqsg-ww46o-muchq-pty53-amebx-mucdz-ugjkt-fvjqr-5ncmg-knqg4-aqe,type1.1,"North America,US,Texas",hu1,Unassigned,1,329856.26283367554,329856.26283367554,,,,,,,0
2025-12-17,yqbqe-whgvn-teyic-zvtln-rcolf-yztin-ecal6-smlwy-6imph-6isdn-qqe,type1.1,"North America,US,Texas",hu1,Unassigned,1,329856.26283367554,329856.26283367554,,,,,,,0
2025-12-17,ham46-r7u4j-yoyrk-mrnxu-utzq3-c37he-vcns2-gc5yg-jxyv5-mvlhc-gae,type1.1,"North America,US,Texas",hu1,Unassigned,1,329856.26283367554,329856.26283367554,,,,,,,0
2025-12-17,neypk-wxwvh-bzfjp-vavf3-hy5nz-wl6we-dbh3z-viyiu-d33wb-4zh4y-rae,type1.1,"North America,US,Texas",hu1,Unassigned,1,329856.26283367554,329856.26283367554,,,,,,,0
2025-12-18,ghmoa-vaks4-tubtk-z3wml-wglax-lrfzt-6lh7y-uwgzg-ly4iv-zubjh-iqe,type1.1,"North America,US,Texas",hu1,Unassigned,1,329856.26283367554,329856.26283367554,,,,,,,0
2025-12-18,7r64j-zqmz7-krqtz-zetpm-x56et-wkege-el55a-nbgwx-dffso-lbtob-4qe,type1.1,"North America,US,Texas",hu1,Assigned,1,329856.26283367554,329856.26283367554,2zs4v-uoqha-xsuun-lveyr-i4ktc-5y3ju-aysud-niobd-gxnqa-ctqem-hae,0.002136752136752137,16095,1,0.0000621272365805169,0,
2025-12-18,wxhcm-5armm-j6fvs-lts6q-waitz-k6t4q-ncfbh-2t6ee-nv2tn-keod2-uae,type1.1,"North America,US,Texas",hu1,Unassigned,1,329856.26283367554,329856.26283367554,,,,,,,0
2025-12-18,wh2dv-njrdv-4xdwd-dflb2-mjoel-l6pkz-e37ap-pkcjx-jyasn-hawsc-wqe,type1.1,"North America,US,Texas",hu1,Assigned,1,329856.26283367554,329856.26283367554,qdvhd-os4o2-zzrdw-xrcv4-gljou-eztdp-bj326-e6jgr-tkhuc-ql6v2-yqe,0.04984751288253234,9363,155,0.01628493380962387,0,
2025-12-18,wix7d-hb2a6-2pcsi-xwm54-gmlxk-gfh3d-dtfog-h7o35-vzm56-w7h34-6qe,type1.1,"North America,US,Texas",hu1,Assigned,1,329856.26283367554,329856.26283367554,pzp6e-ekpqk-3c5x7-2h6so-njoeq-mt45d-h3h6c-q3mxf-vpeq5-fk5o7-yae,0.005896805896805897,4010,0,0,0,
2025-12-18,ayugg-n2ex3-azu4v-3sddp-mtbj5-k3ygp-tcmmy-pp2f3-3faes-hw77i-aqe,type1.1,"North America,US,Texas",hu1,Unassigned,1,329856.26283367554,329856.26283367554,,,,,,,0
2025-12-18,5qmio-5ls3e-yujlz-eqt7k-qk5ys-bscfd-7w2rn-2q3fq-6smjq-n7asc-xae,type1.1,"North America,US,Texas",hu1,Unassigned,1,329856.26283367554,329856.26283367554,,,,,,,0
2025-12-18,6pt6z-rdv25-glenj-xvuq3-zdeeu-4c74r-smqeh-tgt34-exgd6-2wxvv-eqe,type1.1,"North America,US,Texas",hu1,Assigned,1,329856.26283367554,329856.26283367554,yinp6-35cfo-wgcd2-oc4ty-2kqpf-t4dul-rfk33-fsq3r-mfmua-m2ngh-jqe,0.0014933125568108037,15531,2,0.00012875812785682097,0,
2025-12-18,xcfmt-vumwz-773ew-pvwnt-lgwlu-prfzm-lvitu-bx7ru-ncgqg-srhut-mae,type1.1,"North America,US,Texas",hu1,Unassigned,1,329856.26283367554,329856.26283367554,,,,,,,0
2025-12-18,m2g5i-bmomq-dyjao-k642i-fsfxg-trxki-6i42q-hm6ec-xu5cd-n5jhq-sqe,type1.1,"North America,US,Texas",hu1,Assigned,1,329856.26283367554,329856.26283367554,tdb26-jop6k-aogll-7ltgs-eruif-6kk7m-qpktf-gdiqx-mxtrf-vb5e6-eqe,0.0023734177215189874,3743,0,0,0,
2025-12-18,wqqsg-ww46o-muchq-pty53-amebx-mucdz-ugjkt-fvjqr-5ncmg-knqg4-aqe,type1.1,"North America,US,Texas",hu1,Unassigned,1,329856.26283367554,329856.26283367554,,,,,,,0
2025-12-18,yqbqe-whgvn-teyic-zvtln-rcolf-yztin-ecal6-smlwy-6imph-6isdn-qqe,type1.1,"North America,US,Texas",hu1,Unassigned,1,329856.26283367554,329856.26283367554,,,,,,,0
2025-12-18,ham46-r7u4j-yoyrk-mrnxu-utzq3-c37he-vcns2-gc5yg-jxyv5-mvlhc-gae,type1.1,"North America,US,Texas",hu1,Unassigned,1,329856.26283367554,329856.26283367554,,,,,,,0
2025-12-18,neypk-wxwvh-bzfjp-vavf3-hy5nz-wl6we-dbh3z-viyiu-d33wb-4zh4y-rae,type1.1,"North America,US,Texas",hu1,Unassigned,1,329856.26283367554,329856.26283367554,,,,,,,0
2025-12-19,ghmoa-vaks4-tubtk-z3wml-wglax-lrfzt-6lh7y-uwgzg-ly4iv-zubjh-iqe,type1.1,"North America,US,Texas",hu1,Unassigned,1,329856.26283367554,329856.26283367554,,,,,,,0
2025-12-19,7r64j-zqmz7-krqtz-zetpm-x56et-wkege-el55a-nbgwx-dffso-lbtob-4qe,type1.1,"North America,US,Texas",hu1,Assigned,1,329856.26283367554,329856.26283367554,2zs4v-uoqha-xsuun-lveyr-i4ktc-5y3ju-aysud-niobd-gxnqa-ctqem-hae,0.0014808416116492873,16053,2,0.00012457178449081286,0,
2025-12-19,wxhcm-5armm-j6fvs-lts6q-waitz-k6t4q-ncfbh-2t6ee-nv2tn-keod2-uae,type1.1,"North America,US,Texas",hu1,Unassigned,1,329856.26283367554,329856.26283367554,,,,,,,0
2025-12-19,wh2dv-njrdv-4xdwd-dflb2-mjoel-l6pkz-e37ap-pkcjx-jyasn-hawsc-wqe,type1.1,"North America,US,Texas",hu1,Assigned,1,329856.26283367554,329856.26283367554,qdvhd-os4o2-zzrdw-xrcv4-gljou-eztdp-bj326-e6jgr-tkhuc-ql6v2-yqe,0.0312835949258224,9160,74,0.008013861815031406,0,
2025-12-19,wix7d-hb2a6-2pcsi-xwm54-gmlxk-gfh3d-dtfog-h7o35-vzm56-w7h34-6qe,type1.1,"North America,US,Texas",hu1,Assigned,1,329856.26283367554,329856.26283367554,pzp6e-ekpqk-3c5x7-2h6so-njoeq-mt45d-h3h6c-q3mxf-vpeq5-fk5o7-yae,0.009015594541910333,4198,4,0.0009519276534983342,0,
2025-12-19,ayugg-n2ex3-azu4v-3sddp-mtbj5-k3ygp-tcmmy-pp2f3-3faes-hw77i-aqe,type1.1,"North America,US,Texas",hu1,Unassigned,1,329856.26283367554,329856.26283367554,,,,,,,0
2025-12-19,5qmio-5ls3e-yujlz-eqt7k-qk5ys-bscfd-7w2rn-2q3fq-6smjq-n7asc-xae,type1.1,"North America,US,Texas",hu1,Unassigned,1,329856.26283367554,329856.26283367554,,,,,,,0
2025-12-19,6pt6z-rdv25-glenj-xvuq3-zdeeu-4c74r-smqeh-tgt34-exgd6-2wxvv-eqe,type1.1,"North America,US,Texas",hu1,Assigned,1,329856.26283367554,329856.26283367554,yinp6-35cfo-wgcd2-oc4ty-2kqpf-t4dul-rfk33-fsq3r-mfmua-m2ngh-jqe,0.0024908986395861276,15454,2,0.00012939958592132506,0,
2025-12-19,xcfmt-vumwz-773ew-pvwnt-lgwlu-prfzm-lvitu-bx7ru-ncgqg-srhut-mae,type1.1,"North America,US,Texas",hu1,Unassigned,1,329856.26283367554,329856.26283367554,,,,,,,0
2025-12-19,m2g5i-bmomq-dyjao-k642i-fsfxg-trxki-6i42q-hm6ec-xu5cd-n5jhq-sqe,type1.1,"North America,US,Texas",hu1,Assigned,1,329856.26283367554,329856.26283367554,tdb26-jop6k-aogll-7ltgs-eruif-6kk7m-qpktf-gdiqx-mxtrf-vb5e6-eqe,0.0010397712503249286,3930,2,0.000508646998982706,0,
2025-12-19,wqqsg-ww46o-muchq-pty53-amebx-mucdz-ugjkt-fvjqr-5ncmg-knqg4-aqe,type1.1,"North America,US,Texas",hu1,Unassigned,1,329856.26283367554,329856.26283367554,,,,,,,0
2025-12-19,yqbqe-whgvn-teyic-zvtln-rcolf-yztin-ecal6-smlwy-6imph-6isdn-qqe,type1.1,"North America,US,Texas",hu1,Unassigned,1,329856.26283367554,329856.26283367554,,,,,,,0
2025-12-19,ham46-r7u4j-yoyrk-mrnxu-utzq3-c37he-vcns2-gc5yg-jxyv5-mvlhc-gae,type1.1,"North America,US,Texas",hu1,Unassigned,1,329856.26283367554,329856.26283367554,,,,,,,0
2025-12-19,neypk-wxwvh-bzfjp-vavf3-hy5nz-wl6we-dbh3z-viyiu-d33wb-4zh4y-rae,type1.1,"North America,US,Texas",hu1,Unassigned,1,329856.26283367554,329856.26283367554,,,,,,,0
2025-12-20,ghmoa-vaks4-tubtk-z3wml-wglax-lrfzt-6lh7y-uwgzg-ly4iv-zubjh-iqe,type1.1,"North America,US,Texas",hu1,Unassigned,1,329856.26283367554,329856.26283367554,,,,,,,0
2025-12-20,7r64j-zqmz7-krqtz-zetpm-x56et-wkege-el55a-nbgwx-dffso-lbtob-4qe,type1.1,"North America,US,Texas",hu1,Assigned,1,329856.26283367554,329856.26283367554,2zs4v-uoqha-xsuun-lveyr-i4ktc-5y3ju-aysud-niobd-gxnqa-ctqem-hae,0.0012351015871055395,16094,1,0.00006213109661385524,0,
2025-12-20,wxhcm-5armm-j6fvs-lts6q-waitz-k6t4q-ncfbh-2t6ee-nv2tn-keod2-uae,type1.1,"North America,US,Texas",hu1,Unassigned,1,329856.26283367554,329856.26283367554,,,,,,,0
2025-12-20,wh2dv-njrdv-4xdwd-dflb2-mjoel-l6pkz-e37ap-pkcjx-jyasn-hawsc-wqe,type1.1,"North America,US,Texas",hu1,Assigned,1,329856.26283367554,329856.26283367554,qdvhd-os4o2-zzrdw-xrcv4-gljou-eztdp-bj326-e6jgr-tkhuc-ql6v2-yqe,0.024902289223897266,8732,223,0.024902289223897266,0,
2025-12-20,wix7d-hb2a6-2pcsi-xwm54-gmlxk-gfh3d-dtfog-h7o35-vzm56-w7h34-6qe,type1.1,"North America,US,Texas",hu1,Assigned,1,329856.26283367554,329856.26283367554,pzp6e-ekpqk-3c5x7-2h6so-njoeq-mt45d-h3h6c-q3mxf-vpeq5-fk5o7-yae,0.0061875297477391724,4217,1,0.00023707918444760553,0,
2025-12-20,ayugg-n2ex3-azu4v-3sddp-mtbj5-k3ygp-tcmmy-pp2f3-3faes-hw77i-aqe,type1.1,"North America,US,Texas",hu1,Unassigned,1,329856.26283367554,329856.26283367554,,,,,,,0
2025-12-20,5qmio-5ls3e-yujlz-eqt7k-qk5ys-bscfd-7w2rn-2q3fq-6smjq-n7asc-xae,type1.1,"North America,US,Texas",hu1,Unassigned,1,329856.26283367554,329856.26283367554,,,,,,,0
2025-12-20,6pt6z-rdv25-glenj-xvuq3-zdeeu-4c74r-smqeh-tgt34-exgd6-2wxvv-eqe,type1.1,"North America,US,Texas",hu1,Assigned,1,329856.26283367554,329856.26283367554,yinp6-35cfo-wgcd2-oc4ty-2kqpf-t4dul-rfk33-fsq3r-mfmua-m2ngh-jqe,0.0018673535093367676,15057,0,0,0,
2025-12-20,xcfmt-vumwz-773ew-pvwnt-lgwlu-prfzm-lvitu-bx7ru-ncgqg-srhut-mae,type1.1,"North America,US,Texas",hu1,Unassigned,1,329856.26283367554,329856.26283367554,,,,,,,0
2025-12-20,m2g5i-bmomq-dyjao-k642i-fsfxg-trxki-6i42q-hm6ec-xu5cd-n5jhq-sqe,type1.1,"North America,US,Texas",hu1,Assigned,1,329856.26283367554,329856.26283367554,tdb26-jop6k-aogll-7ltgs-eruif-6kk7m-qpktf-gdiqx-mxtrf-vb5e6-eqe,0.0015868817773075905,3897,3,0.0007692307692307692,0,
2025-12-20,wqqsg-ww46o-muchq-pty53-amebx-mucdz-ugjkt-fvjqr-5ncmg-knqg4-aqe,type1.1,"North America,US,Texas",hu1,Unassigned,1,329856.26283367554,329856.26283367554,,,,,,,0
2025-12-20,yqbqe-whgvn-teyic-zvtln-rcolf-yztin-ecal6-smlwy-6imph-6isdn-qqe,type1.1,"North America,US,Texas",hu1,Unassigned,1,329856.26283367554,329856.26283367554,,,,,,,0
2025-12-20,ham46-r7u4j-yoyrk-mrnxu-utzq3-c37he-vcns2-gc5yg-jxyv5-mvlhc-gae,type1.1,"North America,US,Texas",hu1,Unassigned,1,329856.26283367554,329856.26283367554,,,,,,,0
2025-12-20,neypk-wxwvh-bzfjp-vavf3-hy5nz-wl6we-dbh3z-viyiu-d33wb-4zh4y-rae,type1.1,"North America,US,Texas",hu1,Unassigned,1,329856.26283367554,329856.26283367554,,,,,,,0
2025-12-21,ghmoa-vaks4-tubtk-z3wml-wglax-lrfzt-6lh7y-uwgzg-ly4iv-zubjh-iqe,type1.1,"North America,US,Texas",hu1,Unassigned,1,329856.26283367554,329856.26283367554,,,,,,,0
2025-12-21,7r64j-zqmz7-krqtz-zetpm-x56et-wkege-el55a-nbgwx-dffso-lbtob-4qe,type1.1,"North America,US,Texas",hu1,Assigned,1,329856.26283367554,329856.26283367554,2zs4v-uoqha-xsuun-lveyr-i4ktc-5y3ju-aysud-niobd-gxnqa-ctqem-hae,0.0026064291920069507,16023,1,0.00006240639041437844,0,
2025-12-21,wxhcm-5armm-j6fvs-lts6q-waitz-k6t4q-ncfbh-2t6ee-nv2tn-keod2-uae,type1.1,"North America,US,Texas",hu1,Unassigned,1,329856.26283367554,329856.26283367554,,,,,,,0
2025-12-21,wh2dv-njrdv-4xdwd-dflb2-mjoel-l6pkz-e37ap-pkcjx-jyasn-hawsc-wqe,type1.1,"North America,US,Texas",hu1,Assigned,1,329856.26283367554,329856.26283367554,qdvhd-os4o2-zzrdw-xrcv4-gljou-eztdp-bj326-e6jgr-tkhuc-ql6v2-yqe,0.04564085521214136,9210,2,0.00021710811984368216,0,
2025-12-21,wix7d-hb2a6-2pcsi-xwm54-gmlxk-gfh3d-dtfog-h7o35-vzm56-w7h34-6qe,type1.1,"North America,US,Texas",hu1,Assigned,1,329856.26283367554,329856.26283367554,pzp6e-ekpqk-3c5x7-2h6so-njoeq-mt45d-h3h6c-q3mxf-vpeq5-fk5o7-yae,0.006060606060606061,4014,1,0.00024906600249066007,0,
2025-12-21,ayugg-n2ex3-azu4v-3sddp-mtbj5-k3ygp-tcmmy-pp2f3-3faes-hw77i-aqe,type1.1,"North America,US,Texas",hu1,Unassigned,1,329856.26283367554,329856.26283367554,,,,,,,0
2025-12-21,5qmio-5ls3e-yujlz-eqt7k-qk5ys-bscfd-7w2rn-2q3fq-6smjq-n7asc-xae,type1.1,"North America,US,Texas",hu1,Unassigned,1,329856.26283367554,329856.26283367554,,,,,,,0
2025-12-21,6pt6z-rdv25-glenj-xvuq3-zdeeu-4c74r-smqeh-tgt34-exgd6-2wxvv-eqe,type1.1,"North America,US,Texas",hu1,Assigned,1,329856.26283367554,329856.26283367554,yinp6-35cfo-wgcd2-oc4ty-2kqpf-t4dul-rfk33-fsq3r-mfmua-m2ngh-jqe,0.002511753719327623,15670,5,0.00031897926634768745,0,
2025-12-21,xcfmt-vumwz-773ew-pvwnt-lgwlu-prfzm-lvitu-bx7ru-ncgqg-srhut-mae,type1.1,"North America,US,Texas",hu1,Unassigned,1,329856.26283367554,329856.26283367554,,,,,,,0
2025-12-21,m2g5i-bmomq-dyjao-k642i-fsfxg-trxki-6i42q-hm6ec-xu5cd-n5jhq-sqe,type1.1,"North America,US,Texas",hu1,Assigned,1,329856.26283367554,329856.26283367554,tdb26-jop6k-aogll-7ltgs-eruif-6kk7m-qpktf-gdiqx-mxtrf-vb5e6-eqe,0.0023455824863174357,3813,5,0.0013095861707700367,0,
2025-12-21,wqqsg-ww46o-muchq-pty53-amebx-mucdz-ugjkt-fvjqr-5ncmg-knqg4-aqe,type1.1,"North America,US,Texas",hu1,Unassigned,1,329856.26283367554,329856.26283367554,,,,,,,0
2025-12-21,yqbqe-whgvn-teyic-zvtln-rcolf-yztin-ecal6-smlwy-6imph-6isdn-qqe,type1.1,"North America,US,Texas",hu1,Unassigned,1,329856.26283367554,329856.26283367554,,,,,,,0
2025-12-21,ham46-r7u4j-yoyrk-mrnxu-utzq3-c37he-vcns2-gc5yg-jxyv5-mvlhc-gae,type1.1,"North America,US,Texas",hu1,Unassigned,1,329856.26283367554,329856.26283367554,,,,,,,0
2025-12-21,neypk-wxwvh-bzfjp-vavf3-hy5nz-wl6we-dbh3z-viyiu-d33wb-4zh4y-rae,type1.1,"North America,US,Texas",hu1,Unassigned,1,329856.26283367554,329856.26283367554,,,,,,,0
2025-12-22,ghmoa-vaks4-tubtk-z3wml-wglax-lrfzt-6lh7y-uwgzg-ly4iv-zubjh-iqe,type1.1,"North America,US,Texas",hu1,Unassigned,1,329856.26283367554,329856.26283367554,,,,,,,0.03496267704242124
2025-12-22,7r64j-zqmz7-krqtz-zetpm-x56et-wkege-el55a-nbgwx-dffso-lbtob-4qe,type1.1,"North America,US,Texas",hu1,Assigned,1,329856.26283367554,329856.26283367554,2zs4v-uoqha-xsuun-lveyr-i4ktc-5y3ju-aysud-niobd-gxnqa-ctqem-hae,0.000994839271280234,16021,0,0,0,
2025-12-22,wxhcm-5armm-j6fvs-lts6q-waitz-k6t4q-ncfbh-2t6ee-nv2tn-keod2-uae,type1.1,"North America,US,Texas",hu1,Unassigned,1,329856.26283367554,329856.26283367554,,,,,,,0.03496267704242124
2025-12-22,wh2dv-njrdv-4xdwd-dflb2-mjoel-l6pkz-e37ap-pkcjx-jyasn-hawsc-wqe,type1.1,"North America,US,Texas",hu1,Assigned,0.8802985836606302,329856.26283367554,290372.00098407315,qdvhd-os4o2-zzrdw-xrcv4-gljou-eztdp-bj326-e6jgr-tkhuc-ql6v2-yqe,0.03143336127409891,7624,1981,0.2062467464862051,0.1748133852121062,
2025-12-22,wix7d-hb2a6-2pcsi-xwm54-gmlxk-gfh3d-dtfog-h7o35-vzm56-w7h34-6qe,type1.1,"North America,US,Texas",hu1,Assigned,1,329856.26283367554,329856.26283367554,pzp6e-ekpqk-3c5x7-2h6so-njoeq-mt45d-h3h6c-q3mxf-vpeq5-fk5o7-yae,0.009606147934678195,4150,0,0,0,
2025-12-22,ayugg-n2ex3-azu4v-3sddp-mtbj5-k3ygp-tcmmy-pp2f3-3faes-hw77i-aqe,type1.1,"North America,US,Texas",hu1,Unassigned,1,329856.26283367554,329856.26283367554,,,,,,,0.03496267704242124
2025-12-22,5qmio-5ls3e-yujlz-eqt7k-qk5ys-bscfd-7w2rn-2q3fq-6smjq-n7asc-xae,type1.1,"North America,US,Texas",hu1,Unassigned,1,329856.26283367554,329856.26283367554,,,,,,,0.03496267704242124
2025-12-22,6pt6z-rdv25-glenj-xvuq3-zdeeu-4c74r-smqeh-tgt34-exgd6-2wxvv-eqe,type1.1,"North America,US,Texas",hu1,Assigned,1,329856.26283367554,329856.26283367554,yinp6-35cfo-wgcd2-oc4ty-2kqpf-t4dul-rfk33-fsq3r-mfmua-m2ngh-jqe,0.002022706511809996,15229,11,0.0007217847769028871,0,
2025-12-22,xcfmt-vumwz-773ew-pvwnt-lgwlu-prfzm-lvitu-bx7ru-ncgqg-srhut-mae,type1.1,"North America,US,Texas",hu1,Unassigned,1,329856.26283367554,329856.26283367554,,,,,,,0.03496267704242124
2025-12-22,m2g5i-bmomq-dyjao-k642i-fsfxg-trxki-6i42q-hm6ec-xu5cd-n5jhq-sqe,type1.1,"North America,US,Texas",hu1,Assigned,1,329856.26283367554,329856.26283367554,tdb26-jop6k-aogll-7ltgs-eruif-6kk7m-qpktf-gdiqx-mxtrf-vb5e6-eqe,0.0025926886180969665,3914,2,0.0005107252298263534,0,
2025-12-22,wqqsg-ww46o-muchq-pty53-amebx-mucdz-ugjkt-fvjqr-5ncmg-knqg4-aqe,type1.1,"North America,US,Texas",hu1,Unassigned,1,329856.26283367554,329856.26283367554,,,,,,,0.03496267704242124
2025-12-22,yqbqe-whgvn-teyic-zvtln-rcolf-yztin-ecal6-smlwy-6imph-6isdn-qqe,type1.1,"North America,US,Texas",hu1,Unassigned,1,329856.26283367554,329856.26283367554,,,,,,,0.03496267704242124
2025-12-22,ham46-r7u4j-yoyrk-mrnxu-utzq3-c37he-vcns2-gc5yg-jxyv5-mvlhc-gae,type1.1,"North America,US,Texas",hu1,Unassigned,1,329856.26283367554,329856.26283367554,,,,,,,0.03496267704242124
2025-12-22,neypk-wxwvh-bzfjp-vavf3-hy5nz-wl6we-dbh3z-viyiu-d33wb-4zh4y-rae,type1.1,"North America,US,Texas",hu1,Unassigned,1,329856.26283367554,329856.26283367554,,,,,,,0.03496267704242124
2025-12-23,ghmoa-vaks4-tubtk-z3wml-wglax-lrfzt-6lh7y-uwgzg-ly4iv-zubjh-iqe,type1.1,"North America,US,Texas",hu1,Unassigned,1,329856.26283367554,329856.26283367554,,,,,,,0.0043060724821122566
2025-12-23,7r64j-zqmz7-krqtz-zetpm-x56et-wkege-el55a-nbgwx-dffso-lbtob-4qe,type1.1,"North America,US,Texas",hu1,Assigned,1,329856.26283367554,329856.26283367554,2zs4v-uoqha-xsuun-lveyr-i4ktc-5y3ju-aysud-niobd-gxnqa-ctqem-hae,0.0011089206505667817,16194,11,0.0006788028386300524,0,
2025-12-23,wxhcm-5armm-j6fvs-lts6q-waitz-k6t4q-ncfbh-2t6ee-nv2tn-keod2-uae,type1.1,"North America,US,Texas",hu1,Unassigned,1,329856.26283367554,329856.26283367554,,,,,,,0.0043060724821122566
2025-12-23,wh2dv-njrdv-4xdwd-dflb2-mjoel-l6pkz-e37ap-pkcjx-jyasn-hawsc-wqe,type1.1,"North America,US,Texas",hu1,Assigned,1,329856.26283367554,329856.26283367554,qdvhd-os4o2-zzrdw-xrcv4-gljou-eztdp-bj326-e6jgr-tkhuc-ql6v2-yqe,0.0142670442169462,8700,323,0.03579740662750748,0.021530362410561284,
2025-12-23,wix7d-hb2a6-2pcsi-xwm54-gmlxk-gfh3d-dtfog-h7o35-vzm56-w7h34-6qe,type1.1,"North America,US,Texas",hu1,Assigned,1,329856.26283367554,329856.26283367554,pzp6e-ekpqk-3c5x7-2h6so-njoeq-mt45d-h3h6c-q3mxf-vpeq5-fk5o7-yae,0.006346788525006347,3991,2,0.0005008765339343852,0,
2025-12-23,ayugg-n2ex3-azu4v-3sddp-mtbj5-k3ygp-tcmmy-pp2f3-3faes-hw77i-aqe,type1.1,"North America,US,Texas",hu1,Unassigned,1,329856.26283367554,329856.26283367554,,,,,,,0.0043060724821122566
2025-12-23,5qmio-5ls3e-yujlz-eqt7k-qk5ys-bscfd-7w2rn-2q3fq-6smjq-n7asc-xae,type1.1,"North America,US,Texas",hu1,Unassigned,1,329856.26283367554,329856.26283367554,,,,,,,0.0043060724821122566
2025-12-23,6pt6z-rdv25-glenj-xvuq3-zdeeu-4c74r-smqeh-tgt34-exgd6-2wxvv-eqe,type1.1,"North America,US,Texas",hu1,Assigned,1,329856.26283367554,329856.26283367554,yinp6-35cfo-wgcd2-oc4ty-2kqpf-t4dul-rfk33-fsq3r-mfmua-m2ngh-jqe,0.002602472348731295,15346,3,0.0001954524724737768,0,
2025-12-23,xcfmt-vumwz-773ew-pvwnt-lgwlu-prfzm-lvitu-bx7ru-ncgqg-srhut-mae,type1.1,"North America,US,Texas",hu1,Unassigned,1,329856.26283367554,329856.26283367554,,,,,,,0.0043060724821122566
2025-12-23,m2g5i-bmomq-dyjao-k642i-fsfxg-trxki-6i42q-hm6ec-xu5cd-n5jhq-sqe,type1.1,"North America,US,Texas",hu1,Assigned,1,329856.26283367554,329856.26283367554,tdb26-jop6k-aogll-7ltgs-eruif-6kk7m-qpktf-gdiqx-mxtrf-vb5e6-eqe,0.001530221882172915,3790,1,0.0002637826431020839,0,
2025-12-23,wqqsg-ww46o-muchq-pty53-amebx-mucdz-ugjkt-fvjqr-5ncmg-knqg4-aqe,type1.1,"North America,US,Texas",hu1,Unassigned,1,329856.26283367554,329856.26283367554,,,,,,,0.0043060724821122566
2025-12-23,yqbqe-whgvn-teyic-zvtln-rcolf-yztin-ecal6-smlwy-6imph-6isdn-qqe,type1.1,"North America,US,Texas",hu1,Unassigned,1,329856.26283367554,329856.26283367554,,,,,,,0.0043060724821122566
2025-12-23,ham46-r7u4j-yoyrk-mrnxu-utzq3-c37he-vcns2-gc5yg-jxyv5-mvlhc-gae,type1.1,"North America,US,Texas",hu1,Unassigned,1,329856.26283367554,329856.26283367554,,,,,,,0.0043060724821122566
2025-12-23,neypk-wxwvh-bzfjp-vavf3-hy5nz-wl6we-dbh3z-viyiu-d33wb-4zh4y-rae,type1.1,"North America,US,Texas",hu1,Unassigned,1,329856.26283367554,329856.26283367554,,,,,,,0.0043060724821122566
2025-12-24,ghmoa-vaks4-tubtk-z3wml-wglax-lrfzt-6lh7y-uwgzg-ly4iv-zubjh-iqe,type1.1,"North America,US,Texas",hu1,Unassigned,1,329856.26283367554,329856.26283367554,,,,,,,0.001935048778279078
2025-12-24,7r64j-zqmz7-krqtz-zetpm-x56et-wkege-el55a-nbgwx-dffso-lbtob-4qe,type1.1,"North America,US,Texas",hu1,Assigned,1,329856.26283367554,329856.26283367554,2zs4v-uoqha-xsuun-lveyr-i4ktc-5y3ju-aysud-niobd-gxnqa-ctqem-hae,0.0010422414321623445,15939,3,0.0001881821603312006,0,
2025-12-24,wxhcm-5armm-j6fvs-lts6q-waitz-k6t4q-ncfbh-2t6ee-nv2tn-keod2-uae,type1.1,"North America,US,Texas",hu1,Unassigned,1,329856.26283367554,329856.26283367554,,,,,,,0.001935048778279078
2025-12-24,wh2dv-njrdv-4xdwd-dflb2-mjoel-l6pkz-e37ap-pkcjx-jyasn-hawsc-wqe,type1.1,"North America,US,Texas",hu1,Assigned,1,329856.26283367554,329856.26283367554,qdvhd-os4o2-zzrdw-xrcv4-gljou-eztdp-bj326-e6jgr-tkhuc-ql6v2-yqe,0.02467421491134373,8743,311,0.03434945880273912,0.009675243891395392,
2025-12-24,wix7d-hb2a6-2pcsi-xwm54-gmlxk-gfh3d-dtfog-h7o35-vzm56-w7h34-6qe,type1.1,"North America,US,Texas",hu1,Assigned,1,329856.26283367554,329856.26283367554,pzp6e-ekpqk-3c5x7-2h6so-njoeq-mt45d-h3h6c-q3mxf-vpeq5-fk5o7-yae,0.004865616311399444,4018,6,0.0014910536779324055,0,
2025-12-24,ayugg-n2ex3-azu4v-3sddp-mtbj5-k3ygp-tcmmy-pp2f3-3faes-hw77i-aqe,type1.1,"North America,US,Texas",hu1,Unassigned,1,329856.26283367554,329856.26283367554,,,,,,,0.001935048778279078
2025-12-24,5qmio-5ls3e-yujlz-eqt7k-qk5ys-bscfd-7w2rn-2q3fq-6smjq-n7asc-xae,type1.1,"North America,US,Texas",hu1,Unassigned,1,329856.26283367554,329856.26283367554,,,,,,,0.001935048778279078
2025-12-24,6pt6z-rdv25-glenj-xvuq3-zdeeu-4c74r-smqeh-tgt34-exgd6-2wxvv-eqe,type1.1,"North America,US,Texas",hu1,Assigned,1,329856.26283367554,329856.26283367554,yinp6-35cfo-wgcd2-oc4ty-2kqpf-t4dul-rfk33-fsq3r-mfmua-m2ngh-jqe,0.0021578499967305305,15314,4,0.0002611306959133046,0,
2025-12-24,xcfmt-vumwz-773ew-pvwnt-lgwlu-prfzm-lvitu-bx7ru-ncgqg-srhut-mae,type1.1,"North America,US,Texas",hu1,Unassigned,1,329856.26283367554,329856.26283367554,,,,,,,0.001935048778279078
2025-12-24,m2g5i-bmomq-dyjao-k642i-fsfxg-trxki-6i42q-hm6ec-xu5cd-n5jhq-sqe,type1.1,"North America,US,Texas",hu1,Assigned,1,329856.26283367554,329856.26283367554,tdb26-jop6k-aogll-7ltgs-eruif-6kk7m-qpktf-gdiqx-mxtrf-vb5e6-eqe,0.0012836970474967909,3862,1,0.00025886616619207867,0,
2025-12-24,wqqsg-ww46o-muchq-pty53-amebx-mucdz-ugjkt-fvjqr-5ncmg-knqg4-aqe,type1.1,"North America,US,Texas",hu1,Unassigned,1,329856.26283367554,329856.26283367554,,,,,,,0.001935048778279078
2025-12-24,yqbqe-whgvn-teyic-zvtln-rcolf-yztin-ecal6-smlwy-6imph-6isdn-qqe,type1.1,"North America,US,Texas",hu1,Unassigned,1,329856.26283367554,329856.26283367554,,,,,,,0.001935048778279078
2025-12-24,ham46-r7u4j-yoyrk-mrnxu-utzq3-c37he-vcns2-gc5yg-jxyv5-mvlhc-gae,type1.1,"North America,US,Texas",hu1,Unassigned,1,329856.26283367554,329856.26283367554,,,,,,,0.001935048778279078
2025-12-24,neypk-wxwvh-bzfjp-vavf3-hy5nz-wl6we-dbh3z-viyiu-d33wb-4zh4y-rae,type1.1,"North America,US,Texas",hu1,Unassigned,1,329856.26283367554,329856.26283367554,,,,,,,0.001935048778279078
2025-12-25,ghmoa-vaks4-tubtk-z3wml-wglax-lrfzt-6lh7y-uwgzg-ly4iv-zubjh-iqe,type1.1,"North America,US,Texas",hu1,Unassigned,1,329856.26283367554,329856.26283367554,,,,,,,0
2025-12-25,7r64j-zqmz7-krqtz-zetpm-x56et-wkege-el55a-nbgwx-dffso-lbtob-4qe,type1.1,"North America,US,Texas",hu1,Assigned,1,329856.26283367554,329856.26283367554,2zs4v-uoqha-xsuun-lveyr-i4ktc-5y3ju-aysud-niobd-gxnqa-ctqem-hae,0.0011273251080353229,16308,1,0.00006131583788092464,0,
2025-12-25,wxhcm-5armm-j6fvs-lts6q-waitz-k6t4q-ncfbh-2t6ee-nv2tn-keod2-uae,type1.1,"North America,US,Texas",hu1,Unassigned,1,329856.26283367554,329856.26283367554,,,,,,,0
2025-12-25,wh2dv-njrdv-4xdwd-dflb2-mjoel-l6pkz-e37ap-pkcjx-jyasn-hawsc-wqe,type1.1,"North America,US,Texas",hu1,Assigned,1,329856.26283367554,329856.26283367554,qdvhd-os4o2-zzrdw-xrcv4-gljou-eztdp-bj326-e6jgr-tkhuc-ql6v2-yqe,0.027847571189279736,9133,133,0.01435355061515217,0,
2025-12-25,wix7d-hb2a6-2pcsi-xwm54-gmlxk-gfh3d-dtfog-h7o35-vzm56-w7h34-6qe,type1.1,"North America,US,Texas",hu1,Assigned,1,329856.26283367554,329856.26283367554,pzp6e-ekpqk-3c5x7-2h6so-njoeq-mt45d-h3h6c-q3mxf-vpeq5-fk5o7-yae,0.0067862336403296175,4146,1,0.00024113817217265494,0,
2025-12-25,ayugg-n2ex3-azu4v-3sddp-mtbj5-k3ygp-tcmmy-pp2f3-3faes-hw77i-aqe,type1.1,"North America,US,Texas",hu1,Unassigned,1,329856.26283367554,329856.26283367554,,,,,,,0
2025-12-25,5qmio-5ls3e-yujlz-eqt7k-qk5ys-bscfd-7w2rn-2q3fq-6smjq-n7asc-xae,type1.1,"North America,US,Texas",hu1,Unassigned,1,329856.26283367554,329856.26283367554,,,,,,,0
2025-12-25,6pt6z-rdv25-glenj-xvuq3-zdeeu-4c74r-smqeh-tgt34-exgd6-2wxvv-eqe,type1.1,"North America,US,Texas",hu1,Assigned,1,329856.26283367554,329856.26283367554,yinp6-35cfo-wgcd2-oc4ty-2kqpf-t4dul-rfk33-fsq3r-mfmua-m2ngh-jqe,0.006546114459783524,15144,5,0.0003300547890949898,0,
2025-12-25,xcfmt-vumwz-773ew-pvwnt-lgwlu-prfzm-lvitu-bx7ru-ncgqg-srhut-mae,type1.1,"North America,US,Texas",hu1,Unassigned,1,329856.26283367554,329856.26283367554,,,,,,,0
2025-12-25,m2g5i-bmomq-dyjao-k642i-fsfxg-trxki-6i42q-hm6ec-xu5cd-n5jhq-sqe,type1.1,"North America,US,Texas",hu1,Assigned,1,329856.26283367554,329856.26283367554,tdb26-jop6k-aogll-7ltgs-eruif-6kk7m-qpktf-gdiqx-mxtrf-vb5e6-eqe,0.002077922077922078,3891,1,0.00025693730729701953,0,
2025-12-25,wqqsg-ww46o-muchq-pty53-amebx-mucdz-ugjkt-fvjqr-5ncmg-knqg4-aqe,type1.1,"North America,US,Texas",hu1,Unassigned,1,329856.26283367554,329856.26283367554,,,,,,,0
2025-12-25,yqbqe-whgvn-teyic-zvtln-rcolf-yztin-ecal6-smlwy-6imph-6isdn-qqe,type1.1,"North America,US,Texas",hu1,Unassigned,1,329856.26283367554,329856.26283367554,,,,,,,0
2025-12-25,ham46-r7u4j-yoyrk-mrnxu-utzq3-c37he-vcns2-gc5yg-jxyv5-mvlhc-gae,type1.1,"North America,US,Texas",hu1,Unassigned,1,329856.26283367554,329856.26283367554,,,,,,,0
2025-12-25,neypk-wxwvh-bzfjp-vavf3-hy5nz-wl6we-dbh3z-viyiu-d33wb-4zh4y-rae,type1.1,"North America,US,Texas",hu1,Unassigned,1,329856.26283367554,329856.26283367554,,,,,,,0
2025-12-26,ghmoa-vaks4-tubtk-z3wml-wglax-lrfzt-6lh7y-uwgzg-ly4iv-zubjh-iqe,type1.1,"North America,US,Texas",hu1,Unassigned,1,329856.26283367554,329856.26283367554,,,,,,,0
2025-12-26,7r64j-zqmz7-krqtz-zetpm-x56et-wkege-el55a-nbgwx-dffso-lbtob-4qe,type1.1,"North America,US,Texas",hu1,Assigned,1,329856.26283367554,329856.26283367554,2zs4v-uoqha-xsuun-lveyr-i4ktc-5y3ju-aysud-niobd-gxnqa-ctqem-hae,0.0013009540329575022,16078,3,0.00018655556246502083,0,
2025-12-26,wxhcm-5armm-j6fvs-lts6q-waitz-k6t4q-ncfbh-2t6ee-nv2tn-keod2-uae,type1.1,"North America,US,Texas",hu1,Unassigned,1,329856.26283367554,329856.26283367554,,,,,,,0
2025-12-26,wh2dv-njrdv-4xdwd-dflb2-mjoel-l6pkz-e37ap-pkcjx-jyasn-hawsc-wqe,type1.1,"North America,US,Texas",hu1,Assigned,1,329856.26283367554,329856.26283367554,qdvhd-os4o2-zzrdw-xrcv4-gljou-eztdp-bj326-e6jgr-tkhuc-ql6v2-yqe,0.06830712681233408,9823,10,0.0010169836265636124,0,
2025-12-26,wix7d-hb2a6-2pcsi-xwm54-gmlxk-gfh3d-dtfog-h7o35-vzm56-w7h34-6qe,type1.1,"North America,US,Texas",hu1,Assigned,1,329856.26283367554,329856.26283367554,pzp6e-ekpqk-3c5x7-2h6so-njoeq-mt45d-h3h6c-q3mxf-vpeq5-fk5o7-yae,0.0051334702258726906,4026,3,0.0007446016381236039,0,
2025-12-26,ayugg-n2ex3-azu4v-3sddp-mtbj5-k3ygp-tcmmy-pp2f3-3faes-hw77i-aqe,type1.1,"North America,US,Texas",hu1,Unassigned,1,329856.26283367554,329856.26283367554,,,,,,,0
2025-12-26,5qmio-5ls3e-yujlz-eqt7k-qk5ys-bscfd-7w2rn-2q3fq-6smjq-n7asc-xae,type1.1,"North America,US,Texas",hu1,Unassigned,1,329856.26283367554,329856.26283367554,,,,,,,0
2025-12-26,6pt6z-rdv25-glenj-xvuq3-zdeeu-4c74r-smqeh-tgt34-exgd6-2wxvv-eqe,type1.1,"North America,US,Texas",hu1,Assigned,1,329856.26283367554,329856.26283367554,yinp6-35cfo-wgcd2-oc4ty-2kqpf-t4dul-rfk33-fsq3r-mfmua-m2ngh-jqe,0.0033084657800843335,15504,6,0.0003868471953578337,0,
2025-12-26,xcfmt-vumwz-773ew-pvwnt-lgwlu-prfzm-lvitu-bx7ru-ncgqg-srhut-mae,type1.1,"North America,US,Texas",hu1,Unassigned,1,329856.26283367554,329856.26283367554,,,,,,,0
2025-12-26,m2g5i-bmomq-dyjao-k642i-fsfxg-trxki-6i42q-hm6ec-xu5cd-n5jhq-sqe,type1.1,"North America,US,Texas",hu1,Assigned,1,329856.26283367554,329856.26283367554,tdb26-jop6k-aogll-7ltgs-eruif-6kk7m-qpktf-gdiqx-mxtrf-vb5e6-eqe,0.0025926886180969665,3870,2,0.0005165289256198347,0,
2025-12-26,wqqsg-ww46o-muchq-pty53-amebx-mucdz-ugjkt-fvjqr-5ncmg-knqg4-aqe,type1.1,"North America,US,Texas",hu1,Unassigned,1,329856.26283367554,329856.26283367554,,,,,,,0
2025-12-26,yqbqe-whgvn-teyic-zvtln-rcolf-yztin-ecal6-smlwy-6imph-6isdn-qqe,type1.1,"North America,US,Texas",hu1,Unassigned,1,329856.26283367554,329856.26283367554,,,,,,,0
2025-12-26,ham46-r7u4j-yoyrk-mrnxu-utzq3-c37he-vcns2-gc5yg-jxyv5-mvlhc-gae,type1.1,"North America,US,Texas",hu1,Unassigned,1,329856.26283367554,329856.26283367554,,,,,,,0
2025-12-26,neypk-wxwvh-bzfjp-vavf3-hy5nz-wl6we-dbh3z-viyiu-d33wb-4zh4y-rae,type1.1,"North America,US,Texas",hu1,Unassigned,1,329856.26283367554,329856.26283367554,,,,,,,0
2025-12-27,ghmoa-vaks4-tubtk-z3wml-wglax-lrfzt-6lh7y-uwgzg-ly4iv-zubjh-iqe,type1.1,"North America,US,Texas",hu1,Unassigned,1,329856.26283367554,329856.26283367554,,,,,,,0
2025-12-27,7r64j-zqmz7-krqtz-zetpm-x56et-wkege-el55a-nbgwx-dffso-lbtob-4qe,type1.1,"North America,US,Texas",hu1,Assigned,1,329856.26283367554,329856.26283367554,2zs4v-uoqha-xsuun-lveyr-i4ktc-5y3ju-aysud-niobd-gxnqa-ctqem-hae,0.0008708092305778442,16041,5,0.000311604138102954,0,
2025-12-27,wxhcm-5armm-j6fvs-lts6q-waitz-k6t4q-ncfbh-2t6ee-nv2tn-keod2-uae,type1.1,"North America,US,Texas",hu1,Unassigned,1,329856.26283367554,329856.26283367554,,,,,,,0
2025-12-27,wh2dv-njrdv-4xdwd-dflb2-mjoel-l6pkz-e37ap-pkcjx-jyasn-hawsc-wqe,type1.1,"North America,US,Texas",hu1,Assigned,1,329856.26283367554,329856.26283367554,qdvhd-os4o2-zzrdw-xrcv4-gljou-eztdp-bj326-e6jgr-tkhuc-ql6v2-yqe,0.009652100127280442,9357,37,0.0039386842665531194,0,
2025-12-27,wix7d-hb2a6-2pcsi-xwm54-gmlxk-gfh3d-dtfog-h7o35-vzm56-w7h34-6qe,type1.1,"North America,US,Texas",hu1,Assigned,1,329856.26283367554,329856.26283367554,pzp6e-ekpqk-3c5x7-2h6so-njoeq-mt45d-h3h6c-q3mxf-vpeq5-fk5o7-yae,0.0057270916334661364,4096,3,0.0007318858258111735,0,
2025-12-27,ayugg-n2ex3-azu4v-3sddp-mtbj5-k3ygp-tcmmy-pp2f3-3faes-hw77i-aqe,type1.1,"North America,US,Texas",hu1,Unassigned,1,329856.26283367554,329856.26283367554,,,,,,,0
2025-12-27,5qmio-5ls3e-yujlz-eqt7k-qk5ys-bscfd-7w2rn-2q3fq-6smjq-n7asc-xae,type1.1,"North America,US,Texas",hu1,Unassigned,1,329856.26283367554,329856.26283367554,,,,,,,0
2025-12-27,6pt6z-rdv25-glenj-xvuq3-zdeeu-4c74r-smqeh-tgt34-exgd6-2wxvv-eqe,type1.1,"North America,US,Texas",hu1,Assigned,1,329856.26283367554,329856.26283367554,yinp6-35cfo-wgcd2-oc4ty-2kqpf-t4dul-rfk33-fsq3r-mfmua-m2ngh-jqe,0.0026383483939054152,15428,9,0.0005830148344885665,0,
2025-12-27,xcfmt-vumwz-773ew-pvwnt-lgwlu-prfzm-lvitu-bx7ru-ncgqg-srhut-mae,type1.1,"North America,US,Texas",hu1,Unassigned,1,329856.26283367554,329856.26283367554,,,,,,,0
2025-12-27,m2g5i-bmomq-dyjao-k642i-fsfxg-trxki-6i42q-hm6ec-xu5cd-n5jhq-sqe,type1.1,"North America,US,Texas",hu1,Assigned,1,329856.26283367554,329856.26283367554,tdb26-jop6k-aogll-7ltgs-eruif-6kk7m-qpktf-gdiqx-mxtrf-vb5e6-eqe,0.0010493179433368313,3724,2,0.0005367686527106817,0,
2025-12-27,wqqsg-ww46o-muchq-pty53-amebx-mucdz-ugjkt-fvjqr-5ncmg-knqg4-aqe,type1.1,"North America,US,Texas",hu1,Unassigned,1,329856.26283367554,329856.26283367554,,,,,,,0
2025-12-27,yqbqe-whgvn-teyic-zvtln-rcolf-yztin-ecal6-smlwy-6imph-6isdn-qqe,type1.1,"North America,US,Texas",hu1,Unassigned,1,329856.26283367554,329856.26283367554,,,,,,,0
2025-12-27,ham46-r7u4j-yoyrk-mrnxu-utzq3-c37he-vcns2-gc5yg-jxyv5-mvlhc-gae,type1.1,"North America,US,Texas",hu1,Unassigned,1,329856.26283367554,329856.26283367554,,,,,,,0
2025-12-27,neypk-wxwvh-bzfjp-vavf3-hy5nz-wl6we-dbh3z-viyiu-d33wb-4zh4y-rae,type1.1,"North America,US,Texas",hu1,Unassigned,1,329856.26283367554,329856.26283367554,,,,,,,0
2025-12-28,ghmoa-vaks4-tubtk-z3wml-wglax-lrfzt-6lh7y-uwgzg-ly4iv-zubjh-iqe,type1.1,"North America,US,Texas",hu1,Unassigned,1,329856.26283367554,329856.26283367554,,,,,,,0
2025-12-28,7r64j-zqmz7-krqtz-zetpm-x56et-wkege-el55a-nbgwx-dffso-lbtob-4qe,type1.1,"North America,US,Texas",hu1,Assigned,1,329856.26283367554,329856.26283367554,2zs4v-uoqha-xsuun-lveyr-i4ktc-5y3ju-aysud-niobd-gxnqa-ctqem-hae,0.0010631644777986241,16197,0,0,0,
2025-12-28,wxhcm-5armm-j6fvs-lts6q-waitz-k6t4q-ncfbh-2t6ee-nv2tn-keod2-uae,type1.1,"North America,US,Texas",hu1,Unassigned,1,329856.26283367554,329856.26283367554,,,,,,,0
2025-12-28,wh2dv-njrdv-4xdwd-dflb2-mjoel-l6pkz-e37ap-pkcjx-jyasn-hawsc-wqe,type1.1,"North America,US,Texas",hu1,Assigned,1,329856.26283367554,329856.26283367554,qdvhd-os4o2-zzrdw-xrcv4-gljou-eztdp-bj326-e6jgr-tkhuc-ql6v2-yqe,0.023703381537457865,9163,47,0.005103148751357221,0,
2025-12-28,wix7d-hb2a6-2pcsi-xwm54-gmlxk-gfh3d-dtfog-h7o35-vzm56-w7h34-6qe,type1.1,"North America,US,Texas",hu1,Assigned,1,329856.26283367554,329856.26283367554,pzp6e-ekpqk-3c5x7-2h6so-njoeq-mt45d-h3h6c-q3mxf-vpeq5-fk5o7-yae,0.006413418845584608,4086,2,0.0004892367906066536,0,
2025-12-28,ayugg-n2ex3-azu4v-3sddp-mtbj5-k3ygp-tcmmy-pp2f3-3faes-hw77i-aqe,type1.1,"North America,US,Texas",hu1,Unassigned,1,329856.26283367554,329856.26283367554,,,,,,,0
2025-12-28,5qmio-5ls3e-yujlz-eqt7k-qk5ys-bscfd-7w2rn-2q3fq-6smjq-n7asc-xae,type1.1,"North America,US,Texas",hu1,Unassigned,1,329856.26283367554,329856.26283367554,,,,,,,0
2025-12-28,6pt6z-rdv25-glenj-xvuq3-zdeeu-4c74r-smqeh-tgt34-exgd6-2wxvv-eqe,type1.1,"North America,US,Texas",hu1,Assigned,1,329856.26283367554,329856.26283367554,yinp6-35cfo-wgcd2-oc4ty-2kqpf-t4dul-rfk33-fsq3r-mfmua-m2ngh-jqe,0.0030961749338837643,15472,2,0.00012924906294429367,0,
2025-12-28,xcfmt-vumwz-773ew-pvwnt-lgwlu-prfzm-lvitu-bx7ru-ncgqg-srhut-mae,type1.1,"North America,US,Texas",hu1,Unassigned,1,329856.26283367554,329856.26283367554,,,,,,,0
2025-12-28,m2g5i-bmomq-dyjao-k642i-fsfxg-trxki-6i42q-hm6ec-xu5cd-n5jhq-sqe,type1.1,"North America,US,Texas",hu1,Assigned,1,329856.26283367554,329856.26283367554,tdb26-jop6k-aogll-7ltgs-eruif-6kk7m-qpktf-gdiqx-mxtrf-vb5e6-eqe,0.0013635124079629127,3564,0,0,0,
2025-12-28,wqqsg-ww46o-muchq-pty53-amebx-mucdz-ugjkt-fvjqr-5ncmg-knqg4-aqe,type1.1,"North America,US,Texas",hu1,Unassigned,1,329856.26283367554,329856.26283367554,,,,,,,0
2025-12-28,yqbqe-whgvn-teyic-zvtln-rcolf-yztin-ecal6-smlwy-6imph-6isdn-qqe,type1.1,"North America,US,Texas",hu1,Unassigned,1,329856.26283367554,329856.26283367554,,,,,,,0
2025-12-28,ham46-r7u4j-yoyrk-mrnxu-utzq3-c37he-vcns2-gc5yg-jxyv5-mvlhc-gae,type1.1,"North America,US,Texas",hu1,Unassigned,1,329856.26283367554,329856.26283367554,,,,,,,0
2025-12-28,neypk-wxwvh-bzfjp-vavf3-hy5nz-wl6we-dbh3z-viyiu-d33wb-4zh4y-rae,type1.1,"North America,US,Texas",hu1,Unassigned,1,329856.26283367554,329856.26283367554,,,,,,,0
2025-12-29,ghmoa-vaks4-tubtk-z3wml-wglax-lrfzt-6lh7y-uwgzg-ly4iv-zubjh-iqe,type1.1,"North America,US,Texas",hu1,Unassigned,1,329856.26283367554,329856.26283367554,,,,,,,0.003103259913395471
2025-12-29,7r64j-zqmz7-krqtz-zetpm-x56et-wkege-el55a-nbgwx-dffso-lbtob-4qe,type1.1,"North America,US,Texas",hu1,Assigned,1,329856.26283367554,329856.26283367554,2zs4v-uoqha-xsuun-lveyr-i4ktc-5y3ju-aysud-niobd-gxnqa-ctqem-hae,0.002138364779874214,16248,1,0.00006154224875376947,0,
2025-12-29,wxhcm-5armm-j6fvs-lts6q-waitz-k6t4q-ncfbh-2t6ee-nv2tn-keod2-uae,type1.1,"North America,US,Texas",hu1,Unassigned,1,329856.26283367554,329856.26283367554,,,,,,,0.003103259913395471
2025-12-29,wh2dv-njrdv-4xdwd-dflb2-mjoel-l6pkz-e37ap-pkcjx-jyasn-hawsc-wqe,type1.1,"North America,US,Texas",hu1,Assigned,1,329856.26283367554,329856.26283367554,qdvhd-os4o2-zzrdw-xrcv4-gljou-eztdp-bj326-e6jgr-tkhuc-ql6v2-yqe,0.07116224565888996,8714,827,0.08667854522586732,0.015516299566977355,
2025-12-29,wix7d-hb2a6-2pcsi-xwm54-gmlxk-gfh3d-dtfog-h7o35-vzm56-w7h34-6qe,type1.1,"North America,US,Texas",hu1,Assigned,1,329856.26283367554,329856.26283367554,pzp6e-ekpqk-3c5x7-2h6so-njoeq-mt45d-h3h6c-q3mxf-vpeq5-fk5o7-yae,0.007364144235652616,4171,0,0,0,
2025-12-29,ayugg-n2ex3-azu4v-3sddp-mtbj5-k3ygp-tcmmy-pp2f3-3faes-hw77i-aqe,type1.1,"North America,US,Texas",hu1,Unassigned,1,329856.26283367554,329856.26283367554,,,,,,,0.003103259913395471
2025-12-29,5qmio-5ls3e-yujlz-eqt7k-qk5ys-bscfd-7w2rn-2q3fq-6smjq-n7asc-xae,type1.1,"North America,US,Texas",hu1,Unassigned,1,329856.26283367554,329856.26283367554,,,,,,,0.003103259913395471
2025-12-29,6pt6z-rdv25-glenj-xvuq3-zdeeu-4c74r-smqeh-tgt34-exgd6-2wxvv-eqe,type1.1,"North America,US,Texas",hu1,Assigned,1,329856.26283367554,329856.26283367554,yinp6-35cfo-wgcd2-oc4ty-2kqpf-t4dul-rfk33-fsq3r-mfmua-m2ngh-jqe,0.0033481424248277634,15530,8,0.0005148667782211353,0,
2025-12-29,xcfmt-vumwz-773ew-pvwnt-lgwlu-prfzm-lvitu-bx7ru-ncgqg-srhut-mae,type1.1,"North America,US,Texas",hu1,Unassigned,1,329856.26283367554,329856.26283367554,,,,,,,0.003103259913395471
2025-12-29,m2g5i-bmomq-dyjao-k642i-fsfxg-trxki-6i42q-hm6ec-xu5cd-n5jhq-sqe,type1.1,"North America,US,Texas",hu1,Assigned,1,329856.26283367554,329856.26283367554,tdb26-jop6k-aogll-7ltgs-eruif-6kk7m-qpktf-gdiqx-mxtrf-vb5e6-eqe,0.002862049227246709,3666,0,0,0,
2025-12-29,wqqsg-ww46o-muchq-pty53-amebx-mucdz-ugjkt-fvjqr-5ncmg-knqg4-aqe,type1.1,"North America,US,Texas",hu1,Unassigned,1,329856.26283367554,329856.26283367554,,,,,,,0.003103259913395471
2025-12-29,yqbqe-whgvn-teyic-zvtln-rcolf-yztin-ecal6-smlwy-6imph-6isdn-qqe,type1.1,"North America,US,Texas",hu1,Unassigned,1,329856.26283367554,329856.26283367554,,,,,,,0.003103259913395471
2025-12-29,ham46-r7u4j-yoyrk-mrnxu-utzq3-c37he-vcns2-gc5yg-jxyv5-mvlhc-gae,type1.1,"North America,US,Texas",hu1,Unassigned,1,329856.26283367554,329856.26283367554,,,,,,,0.003103259913395471
2025-12-29,neypk-wxwvh-bzfjp-vavf3-hy5nz-wl6we-dbh3z-viyiu-d33wb-4zh4y-rae,type1.1,"North America,US,Texas",hu1,Unassigned,1,329856.26283367554,329856.26283367554,,,,,,,0.003103259913395471
2025-12-30,ghmoa-vaks4-tubtk-z3wml-wglax-lrfzt-6lh7y-uwgzg-ly4iv-zubjh-iqe,type1.1,"North America,US,Texas",hu1,Unassigned,1,329856.26283367554,329856.26283367554,,,,,,,0
2025-12-30,7r64j-zqmz7-krqtz-zetpm-x56et-wkege-el55a-nbgwx-dffso-lbtob-4qe,type1.1,"North America,US,Texas",hu1,Assigned,1,329856.26283367554,329856.26283367554,2zs4v-uoqha-xsuun-lveyr-i4ktc-5y3ju-aysud-niobd-gxnqa-ctqem-hae,0.0010557694696311018,15900,3,0.00018864365214110544,0,
2025-12-30,wxhcm-5armm-j6fvs-lts6q-waitz-k6t4q-ncfbh-2t6ee-nv2tn-keod2-uae,type1.1,"North America,US,Texas",hu1,Unassigned,1,329856.26283367554,329856.26283367554,,,,,,,0
2025-12-30,wh2dv-njrdv-4xdwd-dflb2-mjoel-l6pkz-e37ap-pkcjx-jyasn-hawsc-wqe,type1.1,"North America,US,Texas",hu1,Assigned,1,329856.26283367554,329856.26283367554,qdvhd-os4o2-zzrdw-xrcv4-gljou-eztdp-bj326-e6jgr-tkhuc-ql6v2-yqe,0.030850833513747566,9037,89,0.00975235590620206,0,
2025-12-30,wix7d-hb2a6-2pcsi-xwm54-gmlxk-gfh3d-dtfog-h7o35-vzm56-w7h34-6qe,type1.1,"North America,US,Texas",hu1,Assigned,1,329856.26283367554,329856.26283367554,pzp6e-ekpqk-3c5x7-2h6so-njoeq-mt45d-h3h6c-q3mxf-vpeq5-fk5o7-yae,0.007146503318019398,3808,1,0.00026253609871357313,0,
2025-12-30,ayugg-n2ex3-azu4v-3sddp-mtbj5-k3ygp-tcmmy-pp2f3-3faes-hw77i-aqe,type1.1,"North America,US,Texas",hu1,Unassigned,1,329856.26283367554,329856.26283367554,,,,,,,0
2025-12-30,5qmio-5ls3e-yujlz-eqt7k-qk5ys-bscfd-7w2rn-2q3fq-6smjq-n7asc-xae,type1.1,"North America,US,Texas",hu1,Unassigned,1,329856.26283367554,329856.26283367554,,,,,,,0
2025-12-30,6pt6z-rdv25-glenj-xvuq3-zdeeu-4c74r-smqeh-tgt34-exgd6-2wxvv-eqe,type1.1,"North America,US,Texas",hu1,Assigned,1,329856.26283367554,329856.26283367554,yinp6-35cfo-wgcd2-oc4ty-2kqpf-t4dul-rfk33-fsq3r-mfmua-m2ngh-jqe,0.01761341479266866,15378,8,0.000519953204211621,0,
2025-12-30,xcfmt-vumwz-773ew-pvwnt-lgwlu-prfzm-lvitu-bx7ru-ncgqg-srhut-mae,type1.1,"North America,US,Texas",hu1,Unassigned,1,329856.26283367554,329856.26283367554,,,,,,,0
2025-12-30,m2g5i-bmomq-dyjao-k642i-fsfxg-trxki-6i42q-hm6ec-xu5cd-n5jhq-sqe,type1.1,"North America,US,Texas",hu1,Assigned,1,329856.26283367554,329856.26283367554,tdb26-jop6k-aogll-7ltgs-eruif-6kk7m-qpktf-gdiqx-mxtrf-vb5e6-eqe,0.0037692084662220935,3579,4,0.0011163829193413341,0,
2025-12-30,wqqsg-ww46o-muchq-pty53-amebx-mucdz-ugjkt-fvjqr-5ncmg-knqg4-aqe,type1.1,"North America,US,Texas",hu1,Unassigned,1,329856.26283367554,329856.26283367554,,,,,,,0
2025-12-30,yqbqe-whgvn-teyic-zvtln-rcolf-yztin-ecal6-smlwy-6imph-6isdn-qqe,type1.1,"North America,US,Texas",hu1,Unassigned,1,329856.26283367554,329856.26283367554,,,,,,,0
2025-12-30,ham46-r7u4j-yoyrk-mrnxu-utzq3-c37he-vcns2-gc5yg-jxyv5-mvlhc-gae,type1.1,"North America,US,Texas",hu1,Unassigned,1,329856.26283367554,329856.26283367554,,,,,,,0
2025-12-30,neypk-wxwvh-bzfjp-vavf3-hy5nz-wl6we-dbh3z-viyiu-d33wb-4zh4y-rae,type1.1,"North America,US,Texas",hu1,Unassigned,1,329856.26283367554,329856.26283367554,,,,,,,0
2025-12-31,ghmoa-vaks4-tubtk-z3wml-wglax-lrfzt-6lh7y-uwgzg-ly4iv-zubjh-iqe,type1.1,"North America,US,Texas",hu1,Unassigned,1,329856.26283367554,329856.26283367554,,,,,,,0.004660192295001088
2025-12-31,7r64j-zqmz7-krqtz-zetpm-x56et-wkege-el55a-nbgwx-dffso-lbtob-4qe,type1.1,"North America,US,Texas",hu1,Assigned,1,329856.26283367554,329856.26283367554,2zs4v-uoqha-xsuun-lveyr-i4ktc-5y3ju-aysud-niobd-gxnqa-ctqem-hae,0.0009317927692881104,15997,1,0.00006250781347668458,0,
2025-12-31,wxhcm-5armm-j6fvs-lts6q-waitz-k6t4q-ncfbh-2t6ee-nv2tn-keod2-uae,type1.1,"North America,US,Texas",hu1,Unassigned,1,329856.26283367554,329856.26283367554,,,,,,,0.004660192295001088
2025-12-31,wh2dv-njrdv-4xdwd-dflb2-mjoel-l6pkz-e37ap-pkcjx-jyasn-hawsc-wqe,type1.1,"North America,US,Texas",hu1,Assigned,1,329856.26283367554,329856.26283367554,qdvhd-os4o2-zzrdw-xrcv4-gljou-eztdp-bj326-e6jgr-tkhuc-ql6v2-yqe,0.008705114254624592,8922,295,0.03200607572963004,0.02330096147500544,
2025-12-31,wix7d-hb2a6-2pcsi-xwm54-gmlxk-gfh3d-dtfog-h7o35-vzm56-w7h34-6qe,type1.1,"North America,US,Texas",hu1,Assigned,1,329856.26283367554,329856.26283367554,pzp6e-ekpqk-3c5x7-2h6so-njoeq-mt45d-h3h6c-q3mxf-vpeq5-fk5o7-yae,0.006624083274189733,4085,3,0.0007338551859099805,0,
2025-12-31,ayugg-n2ex3-azu4v-3sddp-mtbj5-k3ygp-tcmmy-pp2f3-3faes-hw77i-aqe,type1.1,"North America,US,Texas",hu1,Unassigned,1,329856.26283367554,329856.26283367554,,,,,,,0.004660192295001088
2025-12-31,5qmio-5ls3e-yujlz-eqt7k-qk5ys-bscfd-7w2rn-2q3fq-6smjq-n7asc-xae,type1.1,"North America,US,Texas",hu1,Unassigned,1,329856.26283367554,329856.26283367554,,,,,,,0.004660192295001088
2025-12-31,6pt6z-rdv25-glenj-xvuq3-zdeeu-4c74r-smqeh-tgt34-exgd6-2wxvv-eqe,type1.1,"North America,US,Texas",hu1,Assigned,1,329856.26283367554,329856.26283367554,yinp6-35cfo-wgcd2-oc4ty-2kqpf-t4dul-rfk33-fsq3r-mfmua-m2ngh-jqe,0.0042441000578740925,15326,5,0.00032613658600221776,0,
2025-12-31,xcfmt-vumwz-773ew-pvwnt-lgwlu-prfzm-lvitu-bx7ru-ncgqg-srhut-mae,type1.1,"North America,US,Texas",hu1,Unassigned,1,329856.26283367554,329856.26283367554,,,,,,,0.004660192295001088
2025-12-31,m2g5i-bmomq-dyjao-k642i-fsfxg-trxki-6i42q-hm6ec-xu5cd-n5jhq-sqe,type1.1,"North America,US,Texas",hu1,Assigned,1,329856.26283367554,329856.26283367554,tdb26-jop6k-aogll-7ltgs-eruif-6kk7m-qpktf-gdiqx-mxtrf-vb5e6-eqe,0.0005680204487361545,3541,0,0,0,
2025-12-31,wqqsg-ww46o-muchq-pty53-amebx-mucdz-ugjkt-fvjqr-5ncmg-knqg4-aqe,type1.1,"North America,US,Texas",hu1,Unassigned,1,329856.26283367554,329856.26283367554,,,,,,,0.004660192295001088
2025-12-31,yqbqe-whgvn-teyic-zvtln-rcolf-yztin-ecal6-smlwy-6imph-6isdn-qqe,type1.1,"North America,US,Texas",hu1,Unassigned,1,329856.26283367554,329856.26283367554,,,,,,,0.004660192295001088
2025-12-31,ham46-r7u4j-yoyrk-mrnxu-utzq3-c37he-vcns2-gc5yg-jxyv5-mvlhc-gae,type1.1,"North America,US,Texas",hu1,Unassigned,1,329856.26283367554,329856.26283367554,,,,,,,0.004660192295001088
2025-12-31,neypk-wxwvh-bzfjp-vavf3-hy5nz-wl6we-dbh3z-viyiu-d33wb-4zh4y-rae,type1.1,"North America,US,Texas",hu1,Unassigned,1,329856.26283367554,329856.26283367554,,,,,,,0.004660192295001088
2026-1-1,ghmoa-vaks4-tubtk-z3wml-wglax-lrfzt-6lh7y-uwgzg-ly4iv-zubjh-iqe,type1.1,"North America,US,Texas",hu1,Unassigned,1,329856.26283367554,329856.26283367554,,,,,,,0
2026-1-1,7r64j-zqmz7-krqtz-zetpm-x56et-wkege-el55a-nbgwx-dffso-lbtob-4qe,type1.1,"North America,US,Texas",hu1,Assigned,1,329856.26283367554,329856.26283367554,2zs4v-uoqha-xsuun-lveyr-i4ktc-5y3ju-aysud-niobd-gxnqa-ctqem-hae,0.0017951098731043022,15924,4,0.00025113008538422905,0,
2026-1-1,wxhcm-5armm-j6fvs-lts6q-waitz-k6t4q-ncfbh-2t6ee-nv2tn-keod2-uae,type1.1,"North America,US,Texas",hu1,Unassigned,1,329856.26283367554,329856.26283367554,,,,,,,0
2026-1-1,wh2dv-njrdv-4xdwd-dflb2-mjoel-l6pkz-e37ap-pkcjx-jyasn-hawsc-wqe,type1.1,"North America,US,Texas",hu1,Assigned,1,329856.26283367554,329856.26283367554,qdvhd-os4o2-zzrdw-xrcv4-gljou-eztdp-bj326-e6jgr-tkhuc-ql6v2-yqe,0.011099137931034484,9167,22,0.0023941669387310916,0,
2026-1-1,wix7d-hb2a6-2pcsi-xwm54-gmlxk-gfh3d-dtfog-h7o35-vzm56-w7h34-6qe,type1.1,"North America,US,Texas",hu1,Assigned,1,329856.26283367554,329856.26283367554,pzp6e-ekpqk-3c5x7-2h6so-njoeq-mt45d-h3h6c-q3mxf-vpeq5-fk5o7-yae,0.012948207171314742,4059,1,0.00024630541871921186,0,
2026-1-1,ayugg-n2ex3-azu4v-3sddp-mtbj5-k3ygp-tcmmy-pp2f3-3faes-hw77i-aqe,type1.1,"North America,US,Texas",hu1,Unassigned,1,329856.26283367554,329856.26283367554,,,,,,,0
2026-1-1,5qmio-5ls3e-yujlz-eqt7k-qk5ys-bscfd-7w2rn-2q3fq-6smjq-n7asc-xae,type1.1,"North America,US,Texas",hu1,Unassigned,1,329856.26283367554,329856.26283367554,,,,,,,0
2026-1-1,6pt6z-rdv25-glenj-xvuq3-zdeeu-4c74r-smqeh-tgt34-exgd6-2wxvv-eqe,type1.1,"North America,US,Texas",hu1,Assigned,1,329856.26283367554,329856.26283367554,yinp6-35cfo-wgcd2-oc4ty-2kqpf-t4dul-rfk33-fsq3r-mfmua-m2ngh-jqe,0.0021056787523853395,15576,8,0.000513347022587269,0,
2026-1-1,xcfmt-vumwz-773ew-pvwnt-lgwlu-prfzm-lvitu-bx7ru-ncgqg-srhut-mae,type1.1,"North America,US,Texas",hu1,Unassigned,1,329856.26283367554,329856.26283367554,,,,,,,0
2026-1-1,m2g5i-bmomq-dyjao-k642i-fsfxg-trxki-6i42q-hm6ec-xu5cd-n5jhq-sqe,type1.1,"North America,US,Texas",hu1,Assigned,1,329856.26283367554,329856.26283367554,tdb26-jop6k-aogll-7ltgs-eruif-6kk7m-qpktf-gdiqx-mxtrf-vb5e6-eqe,0.002185792349726776,3544,5,0.0014088475626937165,0,
2026-1-1,wqqsg-ww46o-muchq-pty53-amebx-mucdz-ugjkt-fvjqr-5ncmg-knqg4-aqe,type1.1,"North America,US,Texas",hu1,Unassigned,1,329856.26283367554,329856.26283367554,,,,,,,0
2026-1-1,yqbqe-whgvn-teyic-zvtln-rcolf-yztin-ecal6-smlwy-6imph-6isdn-qqe,type1.1,"North America,US,Texas",hu1,Unassigned,1,329856.26283367554,329856.26283367554,,,,,,,0
2026-1-1,ham46-r7u4j-yoyrk-mrnxu-utzq3-c37he-vcns2-gc5yg-jxyv5-mvlhc-gae,type1.1,"North America,US,Texas",hu1,Unassigned,1,329856.26283367554,329856.26283367554,,,,,,,0
2026-1-1,neypk-wxwvh-bzfjp-vavf3-hy5nz-wl6we-dbh3z-viyiu-d33wb-4zh4y-rae,type1.1,"North America,US,Texas",hu1,Unassigned,1,329856.26283367554,329856.26283367554,,,,,,,0
2026-1-2,ghmoa-vaks4-tubtk-z3wml-wglax-lrfzt-6lh7y-uwgzg-ly4iv-zubjh-iqe,type1.1,"North America,US,Texas",hu1,Unassigned,1,329856.26283367554,329856.26283367554,,,,,,,0
2026-1-2,7r64j-zqmz7-krqtz-zetpm-x56et-wkege-el55a-nbgwx-dffso-lbtob-4qe,type1.1,"North America,US,Texas",hu1,Assigned,1,329856.26283367554,329856.26283367554,2zs4v-uoqha-xsuun-lveyr-i4ktc-5y3ju-aysud-niobd-gxnqa-ctqem-hae,0.0007425742574257426,16032,5,0.000311779011036977,0,
2026-1-2,wxhcm-5armm-j6fvs-lts6q-waitz-k6t4q-ncfbh-2t6ee-nv2tn-keod2-uae,type1.1,"North America,US,Texas",hu1,Unassigned,1,329856.26283367554,329856.26283367554,,,,,,,0
2026-1-2,wh2dv-njrdv-4xdwd-dflb2-mjoel-l6pkz-e37ap-pkcjx-jyasn-hawsc-wqe,type1.1,"North America,US,Texas",hu1,Assigned,1,329856.26283367554,329856.26283367554,qdvhd-os4o2-zzrdw-xrcv4-gljou-eztdp-bj326-e6jgr-tkhuc-ql6v2-yqe,0.033220839485340645,9167,315,0.033220839485340645,0,
2026-1-2,wix7d-hb2a6-2pcsi-xwm54-gmlxk-gfh3d-dtfog-h7o35-vzm56-w7h34-6qe,type1.1,"North America,US,Texas",hu1,Assigned,1,329856.26283367554,329856.26283367554,pzp6e-ekpqk-3c5x7-2h6so-njoeq-mt45d-h3h6c-q3mxf-vpeq5-fk5o7-yae,0.010411502231036193,4038,0,0,0,
2026-1-2,ayugg-n2ex3-azu4v-3sddp-mtbj5-k3ygp-tcmmy-pp2f3-3faes-hw77i-aqe,type1.1,"North America,US,Texas",hu1,Unassigned,1,329856.26283367554,329856.26283367554,,,,,,,0
2026-1-2,5qmio-5ls3e-yujlz-eqt7k-qk5ys-bscfd-7w2rn-2q3fq-6smjq-n7asc-xae,type1.1,"North America,US,Texas",hu1,Unassigned,1,329856.26283367554,329856.26283367554,,,,,,,0
2026-1-2,6pt6z-rdv25-glenj-xvuq3-zdeeu-4c74r-smqeh-tgt34-exgd6-2wxvv-eqe,type1.1,"North America,US,Texas",hu1,Assigned,1,329856.26283367554,329856.26283367554,yinp6-35cfo-wgcd2-oc4ty-2kqpf-t4dul-rfk33-fsq3r-mfmua-m2ngh-jqe,0.010943643512450852,15101,6,0.0003971668762825181,0,
2026-1-2,xcfmt-vumwz-773ew-pvwnt-lgwlu-prfzm-lvitu-bx7ru-ncgqg-srhut-mae,type1.1,"North America,US,Texas",hu1,Unassigned,1,329856.26283367554,329856.26283367554,,,,,,,0
2026-1-2,m2g5i-bmomq-dyjao-k642i-fsfxg-trxki-6i42q-hm6ec-xu5cd-n5jhq-sqe,type1.1,"North America,US,Texas",hu1,Assigned,1,329856.26283367554,329856.26283367554,tdb26-jop6k-aogll-7ltgs-eruif-6kk7m-qpktf-gdiqx-mxtrf-vb5e6-eqe,0.004439511653718092,3702,2,0.0005399568034557236,0,
2026-1-2,wqqsg-ww46o-muchq-pty53-amebx-mucdz-ugjkt-fvjqr-5ncmg-knqg4-aqe,type1.1,"North America,US,Texas",hu1,Unassigned,1,329856.26283367554,329856.26283367554,,,,,,,0
2026-1-2,yqbqe-whgvn-teyic-zvtln-rcolf-yztin-ecal6-smlwy-6imph-6isdn-qqe,type1.1,"North America,US,Texas",hu1,Unassigned,1,329856.26283367554,329856.26283367554,,,,,,,0
2026-1-2,ham46-r7u4j-yoyrk-mrnxu-utzq3-c37he-vcns2-gc5yg-jxyv5-mvlhc-gae,type1.1,"North America,US,Texas",hu1,Unassigned,1,329856.26283367554,329856.26283367554,,,,,,,0
2026-1-2,neypk-wxwvh-bzfjp-vavf3-hy5nz-wl6we-dbh3z-viyiu-d33wb-4zh4y-rae,type1.1,"North America,US,Texas",hu1,Unassigned,1,329856.26283367554,329856.26283367554,,,,,,,0
2026-1-3,ghmoa-vaks4-tubtk-z3wml-wglax-lrfzt-6lh7y-uwgzg-ly4iv-zubjh-iqe,type1.1,"North America,US,Texas",hu1,Unassigned,1,329856.26283367554,329856.26283367554,,,,,,,0
2026-1-3,7r64j-zqmz7-krqtz-zetpm-x56et-wkege-el55a-nbgwx-dffso-lbtob-4qe,type1.1,"North America,US,Texas",hu1,Assigned,1,329856.26283367554,329856.26283367554,2zs4v-uoqha-xsuun-lveyr-i4ktc-5y3ju-aysud-niobd-gxnqa-ctqem-hae,0.0015526985901496801,16029,2,0.00012475828083089016,0,
2026-1-3,wxhcm-5armm-j6fvs-lts6q-waitz-k6t4q-ncfbh-2t6ee-nv2tn-keod2-uae,type1.1,"North America,US,Texas",hu1,Unassigned,1,329856.26283367554,329856.26283367554,,,,,,,0
2026-1-3,wh2dv-njrdv-4xdwd-dflb2-mjoel-l6pkz-e37ap-pkcjx-jyasn-hawsc-wqe,type1.1,"North America,US,Texas",hu1,Assigned,1,329856.26283367554,329856.26283367554,qdvhd-os4o2-zzrdw-xrcv4-gljou-eztdp-bj326-e6jgr-tkhuc-ql6v2-yqe,0.009471107800361818,9254,50,0.005374032674118658,0,
2026-1-3,wix7d-hb2a6-2pcsi-xwm54-gmlxk-gfh3d-dtfog-h7o35-vzm56-w7h34-6qe,type1.1,"North America,US,Texas",hu1,Assigned,1,329856.26283367554,329856.26283367554,pzp6e-ekpqk-3c5x7-2h6so-njoeq-mt45d-h3h6c-q3mxf-vpeq5-fk5o7-yae,0.013570822731128074,3559,2,0.0005616399887672002,0,
2026-1-3,ayugg-n2ex3-azu4v-3sddp-mtbj5-k3ygp-tcmmy-pp2f3-3faes-hw77i-aqe,type1.1,"North America,US,Texas",hu1,Unassigned,1,329856.26283367554,329856.26283367554,,,,,,,0
2026-1-3,5qmio-5ls3e-yujlz-eqt7k-qk5ys-bscfd-7w2rn-2q3fq-6smjq-n7asc-xae,type1.1,"North America,US,Texas",hu1,Unassigned,1,329856.26283367554,329856.26283367554,,,,,,,0
2026-1-3,6pt6z-rdv25-glenj-xvuq3-zdeeu-4c74r-smqeh-tgt34-exgd6-2wxvv-eqe,type1.1,"North America,US,Texas",hu1,Assigned,1,329856.26283367554,329856.26283367554,yinp6-35cfo-wgcd2-oc4ty-2kqpf-t4dul-rfk33-fsq3r-mfmua-m2ngh-jqe,0.07736104191872464,14215,6,0.00042191125799873427,0,
2026-1-3,xcfmt-vumwz-773ew-pvwnt-lgwlu-prfzm-lvitu-bx7ru-ncgqg-srhut-mae,type1.1,"North America,US,Texas",hu1,Unassigned,1,329856.26283367554,329856.26283367554,,,,,,,0
2026-1-3,m2g5i-bmomq-dyjao-k642i-fsfxg-trxki-6i42q-hm6ec-xu5cd-n5jhq-sqe,type1.1,"North America,US,Texas",hu1,Assigned,1,329856.26283367554,329856.26283367554,tdb26-jop6k-aogll-7ltgs-eruif-6kk7m-qpktf-gdiqx-mxtrf-vb5e6-eqe,0.007344300822561693,3531,1,0.00028312570781426955,0,
2026-1-3,wqqsg-ww46o-muchq-pty53-amebx-mucdz-ugjkt-fvjqr-5ncmg-knqg4-aqe,type1.1,"North America,US,Texas",hu1,Unassigned,1,329856.26283367554,329856.26283367554,,,,,,,0
2026-1-3,yqbqe-whgvn-teyic-zvtln-rcolf-yztin-ecal6-smlwy-6imph-6isdn-qqe,type1.1,"North America,US,Texas",hu1,Unassigned,1,329856.26283367554,329856.26283367554,,,,,,,0
2026-1-3,ham46-r7u4j-yoyrk-mrnxu-utzq3-c37he-vcns2-gc5yg-jxyv5-mvlhc-gae,type1.1,"North America,US,Texas",hu1,Unassigned,1,329856.26283367554,329856.26283367554,,,,,,,0
2026-1-3,neypk-wxwvh-bzfjp-vavf3-hy5nz-wl6we-dbh3z-viyiu-d33wb-4zh4y-rae,type1.1,"North America,US,Texas",hu1,Unassigned,1,329856.26283367554,329856.26283367554,,,,,,,0
2026-1-4,ghmoa-vaks4-tubtk-z3wml-wglax-lrfzt-6lh7y-uwgzg-ly4iv-zubjh-iqe,type1.1,"North America,US,Texas",hu1,Unassigned,1,329856.26283367554,329856.26283367554,,,,,,,0
2026-1-4,7r64j-zqmz7-krqtz-zetpm-x56et-wkege-el55a-nbgwx-dffso-lbtob-4qe,type1.1,"North America,US,Texas",hu1,Assigned,1,329856.26283367554,329856.26283367554,2zs4v-uoqha-xsuun-lveyr-i4ktc-5y3ju-aysud-niobd-gxnqa-ctqem-hae,0.0033919597989949747,15722,0,0,0,
2026-1-4,wxhcm-5armm-j6fvs-lts6q-waitz-k6t4q-ncfbh-2t6ee-nv2tn-keod2-uae,type1.1,"North America,US,Texas",hu1,Unassigned,1,329856.26283367554,329856.26283367554,,,,,,,0
2026-1-4,wh2dv-njrdv-4xdwd-dflb2-mjoel-l6pkz-e37ap-pkcjx-jyasn-hawsc-wqe,type1.1,"North America,US,Texas",hu1,Assigned,1,329856.26283367554,329856.26283367554,qdvhd-os4o2-zzrdw-xrcv4-gljou-eztdp-bj326-e6jgr-tkhuc-ql6v2-yqe,0.004325727262896075,9207,40,0.004325727262896075,0,
2026-1-4,wix7d-hb2a6-2pcsi-xwm54-gmlxk-gfh3d-dtfog-h7o35-vzm56-w7h34-6qe,type1.1,"North America,US,Texas",hu1,Assigned,1,329856.26283367554,329856.26283367554,pzp6e-ekpqk-3c5x7-2h6so-njoeq-mt45d-h3h6c-q3mxf-vpeq5-fk5o7-yae,0.022535211267605635,3359,1,0.0002976190476190476,0,
2026-1-4,ayugg-n2ex3-azu4v-3sddp-mtbj5-k3ygp-tcmmy-pp2f3-3faes-hw77i-aqe,type1.1,"North America,US,Texas",hu1,Unassigned,1,329856.26283367554,329856.26283367554,,,,,,,0
2026-1-4,5qmio-5ls3e-yujlz-eqt7k-qk5ys-bscfd-7w2rn-2q3fq-6smjq-n7asc-xae,type1.1,"North America,US,Texas",hu1,Unassigned,1,329856.26283367554,329856.26283367554,,,,,,,0
2026-1-4,6pt6z-rdv25-glenj-xvuq3-zdeeu-4c74r-smqeh-tgt34-exgd6-2wxvv-eqe,type1.1,"North America,US,Texas",hu1,Assigned,1,329856.26283367554,329856.26283367554,yinp6-35cfo-wgcd2-oc4ty-2kqpf-t4dul-rfk33-fsq3r-mfmua-m2ngh-jqe,0.009625518162017847,14212,6,0.0004220002813335209,0,
2026-1-4,xcfmt-vumwz-773ew-pvwnt-lgwlu-prfzm-lvitu-bx7ru-ncgqg-srhut-mae,type1.1,"North America,US,Texas",hu1,Unassigned,1,329856.26283367554,329856.26283367554,,,,,,,0
2026-1-4,m2g5i-bmomq-dyjao-k642i-fsfxg-trxki-6i42q-hm6ec-xu5cd-n5jhq-sqe,type1.1,"North America,US,Texas",hu1,Assigned,1,329856.26283367554,329856.26283367554,tdb26-jop6k-aogll-7ltgs-eruif-6kk7m-qpktf-gdiqx-mxtrf-vb5e6-eqe,0.008016032064128258,3438,0,0,0,
2026-1-4,wqqsg-ww46o-muchq-pty53-amebx-mucdz-ugjkt-fvjqr-5ncmg-knqg4-aqe,type1.1,"North America,US,Texas",hu1,Unassigned,1,329856.26283367554,329856.26283367554,,,,,,,0
2026-1-4,yqbqe-whgvn-teyic-zvtln-rcolf-yztin-ecal6-smlwy-6imph-6isdn-qqe,type1.1,"North America,US,Texas",hu1,Unassigned,1,329856.26283367554,329856.26283367554,,,,,,,0
2026-1-4,ham46-r7u4j-yoyrk-mrnxu-utzq3-c37he-vcns2-gc5yg-jxyv5-mvlhc-gae,type1.1,"North America,US,Texas",hu1,Unassigned,1,329856.26283367554,329856.26283367554,,,,,,,0
2026-1-4,neypk-wxwvh-bzfjp-vavf3-hy5nz-wl6we-dbh3z-viyiu-d33wb-4zh4y-rae,type1.1,"North America,US,Texas",hu1,Unassigned,1,329856.26283367554,329856.26283367554,,,,,,,0
2026-1-5,ghmoa-vaks4-tubtk-z3wml-wglax-lrfzt-6lh7y-uwgzg-ly4iv-zubjh-iqe,type1.1,"North America,US,Texas",hu1,Unassigned,1,329856.26283367554,329856.26283367554,,,,,,,0
2026-1-5,7r64j-zqmz7-krqtz-zetpm-x56et-wkege-el55a-nbgwx-dffso-lbtob-4qe,type1.1,"North America,US,Texas",hu1,Assigned,1,329856.26283367554,329856.26283367554,2zs4v-uoqha-xsuun-lveyr-i4ktc-5y3ju-aysud-niobd-gxnqa-ctqem-hae,0.0019294205514408416,16312,2,0.0001225940909648155,0,
2026-1-5,wxhcm-5armm-j6fvs-lts6q-waitz-k6t4q-ncfbh-2t6ee-nv2tn-keod2-uae,type1.1,"North America,US,Texas",hu1,Unassigned,1,329856.26283367554,329856.26283367554,,,,,,,0
2026-1-5,wh2dv-njrdv-4xdwd-dflb2-mjoel-l6pkz-e37ap-pkcjx-jyasn-hawsc-wqe,type1.1,"North America,US,Texas",hu1,Assigned,1,329856.26283367554,329856.26283367554,qdvhd-os4o2-zzrdw-xrcv4-gljou-eztdp-bj326-e6jgr-tkhuc-ql6v2-yqe,0.01046226112949717,9269,98,0.01046226112949717,0,
2026-1-5,wix7d-hb2a6-2pcsi-xwm54-gmlxk-gfh3d-dtfog-h7o35-vzm56-w7h34-6qe,type1.1,"North America,US,Texas",hu1,Assigned,1,329856.26283367554,329856.26283367554,pzp6e-ekpqk-3c5x7-2h6so-njoeq-mt45d-h3h6c-q3mxf-vpeq5-fk5o7-yae,0.010143198090692125,3372,2,0.0005927682276229994,0,
2026-1-5,ayugg-n2ex3-azu4v-3sddp-mtbj5-k3ygp-tcmmy-pp2f3-3faes-hw77i-aqe,type1.1,"North America,US,Texas",hu1,Unassigned,1,329856.26283367554,329856.26283367554,,,,,,,0
2026-1-5,5qmio-5ls3e-yujlz-eqt7k-qk5ys-bscfd-7w2rn-2q3fq-6smjq-n7asc-xae,type1.1,"North America,US,Texas",hu1,Unassigned,1,329856.26283367554,329856.26283367554,,,,,,,0
2026-1-5,6pt6z-rdv25-glenj-xvuq3-zdeeu-4c74r-smqeh-tgt34-exgd6-2wxvv-eqe,type1.1,"North America,US,Texas",hu1,Assigned,1,329856.26283367554,329856.26283367554,yinp6-35cfo-wgcd2-oc4ty-2kqpf-t4dul-rfk33-fsq3r-mfmua-m2ngh-jqe,0.0039341682512622125,14830,6,0.00040442167700188735,0,
2026-1-5,xcfmt-vumwz-773ew-pvwnt-lgwlu-prfzm-lvitu-bx7ru-ncgqg-srhut-mae,type1.1,"North America,US,Texas",hu1,Unassigned,1,329856.26283367554,329856.26283367554,,,,,,,0
2026-1-5,m2g5i-bmomq-dyjao-k642i-fsfxg-trxki-6i42q-hm6ec-xu5cd-n5jhq-sqe,type1.1,"North America,US,Texas",hu1,Assigned,1,329856.26283367554,329856.26283367554,tdb26-jop6k-aogll-7ltgs-eruif-6kk7m-qpktf-gdiqx-mxtrf-vb5e6-eqe,0.005054759898904802,3600,0,0,0,
2026-1-5,wqqsg-ww46o-muchq-pty53-amebx-mucdz-ugjkt-fvjqr-5ncmg-knqg4-aqe,type1.1,"North America,US,Texas",hu1,Unassigned,1,329856.26283367554,329856.26283367554,,,,,,,0
2026-1-5,yqbqe-whgvn-teyic-zvtln-rcolf-yztin-ecal6-smlwy-6imph-6isdn-qqe,type1.1,"North America,US,Texas",hu1,Unassigned,1,329856.26283367554,329856.26283367554,,,,,,,0
2026-1-5,ham46-r7u4j-yoyrk-mrnxu-utzq3-c37he-vcns2-gc5yg-jxyv5-mvlhc-gae,type1.1,"North America,US,Texas",hu1,Unassigned,1,329856.26283367554,329856.26283367554,,,,,,,0
2026-1-5,neypk-wxwvh-bzfjp-vavf3-hy5nz-wl6we-dbh3z-viyiu-d33wb-4zh4y-rae,type1.1,"North America,US,Texas",hu1,Unassigned,1,329856.26283367554,329856.26283367554,,,,,,,0
2026-1-6,ghmoa-vaks4-tubtk-z3wml-wglax-lrfzt-6lh7y-uwgzg-ly4iv-zubjh-iqe,type1.1,"North America,US,Texas",hu1,Unassigned,1,329856.26283367554,329856.26283367554,,,,,,,0
2026-1-6,7r64j-zqmz7-krqtz-zetpm-x56et-wkege-el55a-nbgwx-dffso-lbtob-4qe,type1.1,"North America,US,Texas",hu1,Assigned,1,329856.26283367554,329856.26283367554,2zs4v-uoqha-xsuun-lveyr-i4ktc-5y3ju-aysud-niobd-gxnqa-ctqem-hae,0.0021371550694575395,16091,2,0.00012427763623935875,0,
2026-1-6,wxhcm-5armm-j6fvs-lts6q-waitz-k6t4q-ncfbh-2t6ee-nv2tn-keod2-uae,type1.1,"North America,US,Texas",hu1,Unassigned,1,329856.26283367554,329856.26283367554,,,,,,,0
2026-1-6,wh2dv-njrdv-4xdwd-dflb2-mjoel-l6pkz-e37ap-pkcjx-jyasn-hawsc-wqe,type1.1,"North America,US,Texas",hu1,Assigned,1,329856.26283367554,329856.26283367554,qdvhd-os4o2-zzrdw-xrcv4-gljou-eztdp-bj326-e6jgr-tkhuc-ql6v2-yqe,0.04949251857277388,9431,184,0.019136765470618825,0,
2026-1-6,wix7d-hb2a6-2pcsi-xwm54-gmlxk-gfh3d-dtfog-h7o35-vzm56-w7h34-6qe,type1.1,"North America,US,Texas",hu1,Assigned,1,329856.26283367554,329856.26283367554,pzp6e-ekpqk-3c5x7-2h6so-njoeq-mt45d-h3h6c-q3mxf-vpeq5-fk5o7-yae,0.011353450851508814,3491,2,0.000572573718866304,0,
2026-1-6,ayugg-n2ex3-azu4v-3sddp-mtbj5-k3ygp-tcmmy-pp2f3-3faes-hw77i-aqe,type1.1,"North America,US,Texas",hu1,Unassigned,1,329856.26283367554,329856.26283367554,,,,,,,0
2026-1-6,5qmio-5ls3e-yujlz-eqt7k-qk5ys-bscfd-7w2rn-2q3fq-6smjq-n7asc-xae,type1.1,"North America,US,Texas",hu1,Unassigned,1,329856.26283367554,329856.26283367554,,,,,,,0
2026-1-6,6pt6z-rdv25-glenj-xvuq3-zdeeu-4c74r-smqeh-tgt34-exgd6-2wxvv-eqe,type1.1,"North America,US,Texas",hu1,Assigned,1,329856.26283367554,329856.26283367554,yinp6-35cfo-wgcd2-oc4ty-2kqpf-t4dul-rfk33-fsq3r-mfmua-m2ngh-jqe,0.006531298499741335,15388,11,0.0007143320994869797,0,
2026-1-6,xcfmt-vumwz-773ew-pvwnt-lgwlu-prfzm-lvitu-bx7ru-ncgqg-srhut-mae,type1.1,"North America,US,Texas",hu1,Unassigned,1,329856.26283367554,329856.26283367554,,,,,,,0
2026-1-6,m2g5i-bmomq-dyjao-k642i-fsfxg-trxki-6i42q-hm6ec-xu5cd-n5jhq-sqe,type1.1,"North America,US,Texas",hu1,Assigned,1,329856.26283367554,329856.26283367554,tdb26-jop6k-aogll-7ltgs-eruif-6kk7m-qpktf-gdiqx-mxtrf-vb5e6-eqe,0.008958566629339308,3636,2,0.0005497526113249038,0,
2026-1-6,wqqsg-ww46o-muchq-pty53-amebx-mucdz-ugjkt-fvjqr-5ncmg-knqg4-aqe,type1.1,"North America,US,Texas",hu1,Unassigned,1,329856.26283367554,329856.26283367554,,,,,,,0
2026-1-6,yqbqe-whgvn-teyic-zvtln-rcolf-yztin-ecal6-smlwy-6imph-6isdn-qqe,type1.1,"North America,US,Texas",hu1,Unassigned,1,329856.26283367554,329856.26283367554,,,,,,,0
2026-1-6,ham46-r7u4j-yoyrk-mrnxu-utzq3-c37he-vcns2-gc5yg-jxyv5-mvlhc-gae,type1.1,"North America,US,Texas",hu1,Unassigned,1,329856.26283367554,329856.26283367554,,,,,,,0
2026-1-6,neypk-wxwvh-bzfjp-vavf3-hy5nz-wl6we-dbh3z-viyiu-d33wb-4zh4y-rae,type1.1,"North America,US,Texas",hu1,Unassigned,1,329856.26283367554,329856.26283367554,,,,,,,0
2026-1-7,ghmoa-vaks4-tubtk-z3wml-wglax-lrfzt-6lh7y-uwgzg-ly4iv-zubjh-iqe,type1.1,"North America,US,Texas",hu1,Unassigned,1,329856.26283367554,329856.26283367554,,,,,,,0
2026-1-7,7r64j-zqmz7-krqtz-zetpm-x56et-wkege-el55a-nbgwx-dffso-lbtob-4qe,type1.1,"North America,US,Texas",hu1,Assigned,1,329856.26283367554,329856.26283367554,2zs4v-uoqha-xsuun-lveyr-i4ktc-5y3ju-aysud-niobd-gxnqa-ctqem-hae,0.0019695943866559983,16276,8,0.0004912797838368951,0,
2026-1-7,wxhcm-5armm-j6fvs-lts6q-waitz-k6t4q-ncfbh-2t6ee-nv2tn-keod2-uae,type1.1,"North America,US,Texas",hu1,Unassigned,1,329856.26283367554,329856.26283367554,,,,,,,0
2026-1-7,wh2dv-njrdv-4xdwd-dflb2-mjoel-l6pkz-e37ap-pkcjx-jyasn-hawsc-wqe,type1.1,"North America,US,Texas",hu1,Assigned,1,329856.26283367554,329856.26283367554,qdvhd-os4o2-zzrdw-xrcv4-gljou-eztdp-bj326-e6jgr-tkhuc-ql6v2-yqe,0.016436845008273582,8916,149,0.016436845008273582,0,
2026-1-7,wix7d-hb2a6-2pcsi-xwm54-gmlxk-gfh3d-dtfog-h7o35-vzm56-w7h34-6qe,type1.1,"North America,US,Texas",hu1,Assigned,1,329856.26283367554,329856.26283367554,pzp6e-ekpqk-3c5x7-2h6so-njoeq-mt45d-h3h6c-q3mxf-vpeq5-fk5o7-yae,0.010764262648008612,3909,6,0.0015325670498084294,0,
2026-1-7,ayugg-n2ex3-azu4v-3sddp-mtbj5-k3ygp-tcmmy-pp2f3-3faes-hw77i-aqe,type1.1,"North America,US,Texas",hu1,Unassigned,1,329856.26283367554,329856.26283367554,,,,,,,0
2026-1-7,5qmio-5ls3e-yujlz-eqt7k-qk5ys-bscfd-7w2rn-2q3fq-6smjq-n7asc-xae,type1.1,"North America,US,Texas",hu1,Unassigned,1,329856.26283367554,329856.26283367554,,,,,,,0
2026-1-7,6pt6z-rdv25-glenj-xvuq3-zdeeu-4c74r-smqeh-tgt34-exgd6-2wxvv-eqe,type1.1,"North America,US,Texas",hu1,Assigned,1,329856.26283367554,329856.26283367554,yinp6-35cfo-wgcd2-oc4ty-2kqpf-t4dul-rfk33-fsq3r-mfmua-m2ngh-jqe,0.0043967412388465025,15358,13,0.000845748487411359,0,
2026-1-7,xcfmt-vumwz-773ew-pvwnt-lgwlu-prfzm-lvitu-bx7ru-ncgqg-srhut-mae,type1.1,"North America,US,Texas",hu1,Unassigned,1,329856.26283367554,329856.26283367554,,,,,,,0
2026-1-7,m2g5i-bmomq-dyjao-k642i-fsfxg-trxki-6i42q-hm6ec-xu5cd-n5jhq-sqe,type1.1,"North America,US,Texas",hu1,Assigned,1,329856.26283367554,329856.26283367554,tdb26-jop6k-aogll-7ltgs-eruif-6kk7m-qpktf-gdiqx-mxtrf-vb5e6-eqe,0.0035144633684779675,3790,3,0.0007909306617453203,0,
2026-1-7,wqqsg-ww46o-muchq-pty53-amebx-mucdz-ugjkt-fvjqr-5ncmg-knqg4-aqe,type1.1,"North America,US,Texas",hu1,Unassigned,1,329856.26283367554,329856.26283367554,,,,,,,0
2026-1-7,yqbqe-whgvn-teyic-zvtln-rcolf-yztin-ecal6-smlwy-6imph-6isdn-qqe,type1.1,"North America,US,Texas",hu1,Unassigned,1,329856.26283367554,329856.26283367554,,,,,,,0
2026-1-7,ham46-r7u4j-yoyrk-mrnxu-utzq3-c37he-vcns2-gc5yg-jxyv5-mvlhc-gae,type1.1,"North America,US,Texas",hu1,Unassigned,1,329856.26283367554,329856.26283367554,,,,,,,0
2026-1-7,neypk-wxwvh-bzfjp-vavf3-hy5nz-wl6we-dbh3z-viyiu-d33wb-4zh4y-rae,type1.1,"North America,US,Texas",hu1,Unassigned,1,329856.26283367554,329856.26283367554,,,,,,,0
2026-1-8,ghmoa-vaks4-tubtk-z3wml-wglax-lrfzt-6lh7y-uwgzg-ly4iv-zubjh-iqe,type1.1,"North America,US,Texas",hu1,Unassigned,1,329856.26283367554,329856.26283367554,,,,,,,0
2026-1-8,7r64j-zqmz7-krqtz-zetpm-x56et-wkege-el55a-nbgwx-dffso-lbtob-4qe,type1.1,"North America,US,Texas",hu1,Assigned,1,329856.26283367554,329856.26283367554,2zs4v-uoqha-xsuun-lveyr-i4ktc-5y3ju-aysud-niobd-gxnqa-ctqem-hae,0.0010099734881959348,16201,5,0.00030852770578797977,0,
2026-1-8,wxhcm-5armm-j6fvs-lts6q-waitz-k6t4q-ncfbh-2t6ee-nv2tn-keod2-uae,type1.1,"North America,US,Texas",hu1,Unassigned,1,329856.26283367554,329856.26283367554,,,,,,,0
2026-1-8,wh2dv-njrdv-4xdwd-dflb2-mjoel-l6pkz-e37ap-pkcjx-jyasn-hawsc-wqe,type1.1,"North America,US,Texas",hu1,Assigned,1,329856.26283367554,329856.26283367554,qdvhd-os4o2-zzrdw-xrcv4-gljou-eztdp-bj326-e6jgr-tkhuc-ql6v2-yqe,0.028241049588614633,9074,40,0.004388852315119597,0,
2026-1-8,wix7d-hb2a6-2pcsi-xwm54-gmlxk-gfh3d-dtfog-h7o35-vzm56-w7h34-6qe,type1.1,"North America,US,Texas",hu1,Assigned,1,329856.26283367554,329856.26283367554,pzp6e-ekpqk-3c5x7-2h6so-njoeq-mt45d-h3h6c-q3mxf-vpeq5-fk5o7-yae,0.009605662285136502,3999,1,0.00025,0,
2026-1-8,ayugg-n2ex3-azu4v-3sddp-mtbj5-k3ygp-tcmmy-pp2f3-3faes-hw77i-aqe,type1.1,"North America,US,Texas",hu1,Unassigned,1,329856.26283367554,329856.26283367554,,,,,,,0
2026-1-8,5qmio-5ls3e-yujlz-eqt7k-qk5ys-bscfd-7w2rn-2q3fq-6smjq-n7asc-xae,type1.1,"North America,US,Texas",hu1,Unassigned,1,329856.26283367554,329856.26283367554,,,,,,,0
2026-1-8,6pt6z-rdv25-glenj-xvuq3-zdeeu-4c74r-smqeh-tgt34-exgd6-2wxvv-eqe,type1.1,"North America,US,Texas",hu1,Assigned,1,329856.26283367554,329856.26283367554,yinp6-35cfo-wgcd2-oc4ty-2kqpf-t4dul-rfk33-fsq3r-mfmua-m2ngh-jqe,0.017909454061251665,14921,5,0.0003349859305909152,0,
2026-1-8,xcfmt-vumwz-773ew-pvwnt-lgwlu-prfzm-lvitu-bx7ru-ncgqg-srhut-mae,type1.1,"North America,US,Texas",hu1,Unassigned,1,329856.26283367554,329856.26283367554,,,,,,,0
2026-1-8,m2g5i-bmomq-dyjao-k642i-fsfxg-trxki-6i42q-hm6ec-xu5cd-n5jhq-sqe,type1.1,"North America,US,Texas",hu1,Assigned,1,329856.26283367554,329856.26283367554,tdb26-jop6k-aogll-7ltgs-eruif-6kk7m-qpktf-gdiqx-mxtrf-vb5e6-eqe,0.002391708743024183,3815,1,0.0002620545073375262,0,
2026-1-8,wqqsg-ww46o-muchq-pty53-amebx-mucdz-ugjkt-fvjqr-5ncmg-knqg4-aqe,type1.1,"North America,US,Texas",hu1,Unassigned,1,329856.26283367554,329856.26283367554,,,,,,,0
2026-1-8,yqbqe-whgvn-teyic-zvtln-rcolf-yztin-ecal6-smlwy-6imph-6isdn-qqe,type1.1,"North America,US,Texas",hu1,Unassigned,1,329856.26283367554,329856.26283367554,,,,,,,0
2026-1-8,ham46-r7u4j-yoyrk-mrnxu-utzq3-c37he-vcns2-gc5yg-jxyv5-mvlhc-gae,type1.1,"North America,US,Texas",hu1,Unassigned,1,329856.26283367554,329856.26283367554,,,,,,,0
2026-1-8,neypk-wxwvh-bzfjp-vavf3-hy5nz-wl6we-dbh3z-viyiu-d33wb-4zh4y-rae,type1.1,"North America,US,Texas",hu1,Unassigned,1,329856.26283367554,329856.26283367554,,,,,,,0
2026-1-9,ghmoa-vaks4-tubtk-z3wml-wglax-lrfzt-6lh7y-uwgzg-ly4iv-zubjh-iqe,type1.1,"North America,US,Texas",hu1,Unassigned,1,329856.26283367554,329856.26283367554,,,,,,,0
2026-1-9,7r64j-zqmz7-krqtz-zetpm-x56et-wkege-el55a-nbgwx-dffso-lbtob-4qe,type1.1,"North America,US,Texas",hu1,Assigned,1,329856.26283367554,329856.26283367554,2zs4v-uoqha-xsuun-lveyr-i4ktc-5y3ju-aysud-niobd-gxnqa-ctqem-hae,0.0006810723794192311,16249,0,0,0,
2026-1-9,wxhcm-5armm-j6fvs-lts6q-waitz-k6t4q-ncfbh-2t6ee-nv2tn-keod2-uae,type1.1,"North America,US,Texas",hu1,Unassigned,1,329856.26283367554,329856.26283367554,,,,,,,0
2026-1-9,wh2dv-njrdv-4xdwd-dflb2-mjoel-l6pkz-e37ap-pkcjx-jyasn-hawsc-wqe,type1.1,"North America,US,Texas",hu1,Assigned,1,329856.26283367554,329856.26283367554,qdvhd-os4o2-zzrdw-xrcv4-gljou-eztdp-bj326-e6jgr-tkhuc-ql6v2-yqe,0.0415944540727903,9117,214,0.022934305004822634,0,
2026-1-9,wix7d-hb2a6-2pcsi-xwm54-gmlxk-gfh3d-dtfog-h7o35-vzm56-w7h34-6qe,type1.1,"North America,US,Texas",hu1,Assigned,1,329856.26283367554,329856.26283367554,pzp6e-ekpqk-3c5x7-2h6so-njoeq-mt45d-h3h6c-q3mxf-vpeq5-fk5o7-yae,0.009769539078156314,3909,3,0.0007668711656441719,0,
2026-1-9,ayugg-n2ex3-azu4v-3sddp-mtbj5-k3ygp-tcmmy-pp2f3-3faes-hw77i-aqe,type1.1,"North America,US,Texas",hu1,Unassigned,1,329856.26283367554,329856.26283367554,,,,,,,0
2026-1-9,5qmio-5ls3e-yujlz-eqt7k-qk5ys-bscfd-7w2rn-2q3fq-6smjq-n7asc-xae,type1.1,"North America,US,Texas",hu1,Unassigned,1,329856.26283367554,329856.26283367554,,,,,,,0
2026-1-9,6pt6z-rdv25-glenj-xvuq3-zdeeu-4c74r-smqeh-tgt34-exgd6-2wxvv-eqe,type1.1,"North America,US,Texas",hu1,Assigned,1,329856.26283367554,329856.26283367554,yinp6-35cfo-wgcd2-oc4ty-2kqpf-t4dul-rfk33-fsq3r-mfmua-m2ngh-jqe,0.00108397628004846,15408,6,0.00038925652004671076,0,
2026-1-9,xcfmt-vumwz-773ew-pvwnt-lgwlu-prfzm-lvitu-bx7ru-ncgqg-srhut-mae,type1.1,"North America,US,Texas",hu1,Unassigned,1,329856.26283367554,329856.26283367554,,,,,,,0
2026-1-9,m2g5i-bmomq-dyjao-k642i-fsfxg-trxki-6i42q-hm6ec-xu5cd-n5jhq-sqe,type1.1,"North America,US,Texas",hu1,Assigned,1,329856.26283367554,329856.26283367554,tdb26-jop6k-aogll-7ltgs-eruif-6kk7m-qpktf-gdiqx-mxtrf-vb5e6-eqe,0.001092001092001092,3645,2,0.0005483959418700302,0,
2026-1-9,wqqsg-ww46o-muchq-pty53-amebx-mucdz-ugjkt-fvjqr-5ncmg-knqg4-aqe,type1.1,"North America,US,Texas",hu1,Unassigned,1,329856.26283367554,329856.26283367554,,,,,,,0
2026-1-9,yqbqe-whgvn-teyic-zvtln-rcolf-yztin-ecal6-smlwy-6imph-6isdn-qqe,type1.1,"North America,US,Texas",hu1,Unassigned,1,329856.26283367554,329856.26283367554,,,,,,,0
2026-1-9,ham46-r7u4j-yoyrk-mrnxu-utzq3-c37he-vcns2-gc5yg-jxyv5-mvlhc-gae,type1.1,"North America,US,Texas",hu1,Unassigned,1,329856.26283367554,329856.26283367554,,,,,,,0
2026-1-9,neypk-wxwvh-bzfjp-vavf3-hy5nz-wl6we-dbh3z-viyiu-d33wb-4zh4y-rae,type1.1,"North America,US,Texas",hu1,Unassigned,1,329856.26283367554,329856.26283367554,,,,,,,0
2026-1-10,ghmoa-vaks4-tubtk-z3wml-wglax-lrfzt-6lh7y-uwgzg-ly4iv-zubjh-iqe,type1.1,"North America,US,Texas",hu1,Unassigned,1,329856.26283367554,329856.26283367554,,,,,,,0
2026-1-10,7r64j-zqmz7-krqtz-zetpm-x56et-wkege-el55a-nbgwx-dffso-lbtob-4qe,type1.1,"North America,US,Texas",hu1,Assigned,1,329856.26283367554,329856.26283367554,2zs4v-uoqha-xsuun-lveyr-i4ktc-5y3ju-aysud-niobd-gxnqa-ctqem-hae,0.00037313432835820896,16169,1,0.00006184291898577614,0,
2026-1-10,wxhcm-5armm-j6fvs-lts6q-waitz-k6t4q-ncfbh-2t6ee-nv2tn-keod2-uae,type1.1,"North America,US,Texas",hu1,Unassigned,1,329856.26283367554,329856.26283367554,,,,,,,0
2026-1-10,wh2dv-njrdv-4xdwd-dflb2-mjoel-l6pkz-e37ap-pkcjx-jyasn-hawsc-wqe,type1.1,"North America,US,Texas",hu1,Assigned,1,329856.26283367554,329856.26283367554,qdvhd-os4o2-zzrdw-xrcv4-gljou-eztdp-bj326-e6jgr-tkhuc-ql6v2-yqe,0.061603193440500595,9397,17,0.0018058211174845976,0,
2026-1-10,wix7d-hb2a6-2pcsi-xwm54-gmlxk-gfh3d-dtfog-h7o35-vzm56-w7h34-6qe,type1.1,"North America,US,Texas",hu1,Assigned,1,329856.26283367554,329856.26283367554,pzp6e-ekpqk-3c5x7-2h6so-njoeq-mt45d-h3h6c-q3mxf-vpeq5-fk5o7-yae,0.0052590060478569555,3845,6,0.0015580368735393405,0,
2026-1-10,ayugg-n2ex3-azu4v-3sddp-mtbj5-k3ygp-tcmmy-pp2f3-3faes-hw77i-aqe,type1.1,"North America,US,Texas",hu1,Unassigned,1,329856.26283367554,329856.26283367554,,,,,,,0
2026-1-10,5qmio-5ls3e-yujlz-eqt7k-qk5ys-bscfd-7w2rn-2q3fq-6smjq-n7asc-xae,type1.1,"North America,US,Texas",hu1,Unassigned,1,329856.26283367554,329856.26283367554,,,,,,,0
2026-1-10,6pt6z-rdv25-glenj-xvuq3-zdeeu-4c74r-smqeh-tgt34-exgd6-2wxvv-eqe,type1.1,"North America,US,Texas",hu1,Assigned,1,329856.26283367554,329856.26283367554,yinp6-35cfo-wgcd2-oc4ty-2kqpf-t4dul-rfk33-fsq3r-mfmua-m2ngh-jqe,0.0009549274255156608,15708,13,0.0008269194071623941,0,
2026-1-10,xcfmt-vumwz-773ew-pvwnt-lgwlu-prfzm-lvitu-bx7ru-ncgqg-srhut-mae,type1.1,"North America,US,Texas",hu1,Unassigned,1,329856.26283367554,329856.26283367554,,,,,,,0
2026-1-10,m2g5i-bmomq-dyjao-k642i-fsfxg-trxki-6i42q-hm6ec-xu5cd-n5jhq-sqe,type1.1,"North America,US,Texas",hu1,Assigned,1,329856.26283367554,329856.26283367554,tdb26-jop6k-aogll-7ltgs-eruif-6kk7m-qpktf-gdiqx-mxtrf-vb5e6-eqe,0.0020741508944775735,3901,2,0.0005124263387138099,0,
2026-1-10,wqqsg-ww46o-muchq-pty53-amebx-mucdz-ugjkt-fvjqr-5ncmg-knqg4-aqe,type1.1,"North America,US,Texas",hu1,Unassigned,1,329856.26283367554,329856.26283367554,,,,,,,0
2026-1-10,yqbqe-whgvn-teyic-zvtln-rcolf-yztin-ecal6-smlwy-6imph-6isdn-qqe,type1.1,"North America,US,Texas",hu1,Unassigned,1,329856.26283367554,329856.26283367554,,,,,,,0
2026-1-10,ham46-r7u4j-yoyrk-mrnxu-utzq3-c37he-vcns2-gc5yg-jxyv5-mvlhc-gae,type1.1,"North America,US,Texas",hu1,Unassigned,1,329856.26283367554,329856.26283367554,,,,,,,0
2026-1-10,neypk-wxwvh-bzfjp-vavf3-hy5nz-wl6we-dbh3z-viyiu-d33wb-4zh4y-rae,type1.1,"North America,US,Texas",hu1,Unassigned,1,329856.26283367554,329856.26283367554,,,,,,,0
2026-1-11,ghmoa-vaks4-tubtk-z3wml-wglax-lrfzt-6lh7y-uwgzg-ly4iv-zubjh-iqe,type1.1,"North America,US,Texas",hu1,Unassigned,1,329856.26283367554,329856.26283367554,,,,,,,0
2026-1-11,7r64j-zqmz7-krqtz-zetpm-x56et-wkege-el55a-nbgwx-dffso-lbtob-4qe,type1.1,"North America,US,Texas",hu1,Assigned,1,329856.26283367554,329856.26283367554,2zs4v-uoqha-xsuun-lveyr-i4ktc-5y3ju-aysud-niobd-gxnqa-ctqem-hae,0.0005013159543802482,16329,4,0.00024490295720320826,0,
2026-1-11,wxhcm-5armm-j6fvs-lts6q-waitz-k6t4q-ncfbh-2t6ee-nv2tn-keod2-uae,type1.1,"North America,US,Texas",hu1,Unassigned,1,329856.26283367554,329856.26283367554,,,,,,,0
2026-1-11,wh2dv-njrdv-4xdwd-dflb2-mjoel-l6pkz-e37ap-pkcjx-jyasn-hawsc-wqe,type1.1,"North America,US,Texas",hu1,Assigned,1,329856.26283367554,329856.26283367554,qdvhd-os4o2-zzrdw-xrcv4-gljou-eztdp-bj326-e6jgr-tkhuc-ql6v2-yqe,0.016730875068794716,8920,30,0.00335195530726257,0,
2026-1-11,wix7d-hb2a6-2pcsi-xwm54-gmlxk-gfh3d-dtfog-h7o35-vzm56-w7h34-6qe,type1.1,"North America,US,Texas",hu1,Assigned,1,329856.26283367554,329856.26283367554,pzp6e-ekpqk-3c5x7-2h6so-njoeq-mt45d-h3h6c-q3mxf-vpeq5-fk5o7-yae,0.0079155672823219,3772,5,0.0013238019592268998,0,
2026-1-11,ayugg-n2ex3-azu4v-3sddp-mtbj5-k3ygp-tcmmy-pp2f3-3faes-hw77i-aqe,type1.1,"North America,US,Texas",hu1,Unassigned,1,329856.26283367554,329856.26283367554,,,,,,,0
2026-1-11,5qmio-5ls3e-yujlz-eqt7k-qk5ys-bscfd-7w2rn-2q3fq-6smjq-n7asc-xae,type1.1,"North America,US,Texas",hu1,Unassigned,1,329856.26283367554,329856.26283367554,,,,,,,0
2026-1-11,6pt6z-rdv25-glenj-xvuq3-zdeeu-4c74r-smqeh-tgt34-exgd6-2wxvv-eqe,type1.1,"North America,US,Texas",hu1,Assigned,1,329856.26283367554,329856.26283367554,yinp6-35cfo-wgcd2-oc4ty-2kqpf-t4dul-rfk33-fsq3r-mfmua-m2ngh-jqe,0.006404159533320653,15717,2,0.00012723455690565557,0,
2026-1-11,xcfmt-vumwz-773ew-pvwnt-lgwlu-prfzm-lvitu-bx7ru-ncgqg-srhut-mae,type1.1,"North America,US,Texas",hu1,Unassigned,1,329856.26283367554,329856.26283367554,,,,,,,0
2026-1-11,m2g5i-bmomq-dyjao-k642i-fsfxg-trxki-6i42q-hm6ec-xu5cd-n5jhq-sqe,type1.1,"North America,US,Texas",hu1,Assigned,1,329856.26283367554,329856.26283367554,tdb26-jop6k-aogll-7ltgs-eruif-6kk7m-qpktf-gdiqx-mxtrf-vb5e6-eqe,0.002773575390821987,3978,4,0.0010045203415369162,0,
2026-1-11,wqqsg-ww46o-muchq-pty53-amebx-mucdz-ugjkt-fvjqr-5ncmg-knqg4-aqe,type1.1,"North America,US,Texas",hu1,Unassigned,1,329856.26283367554,329856.26283367554,,,,,,,0
2026-1-11,yqbqe-whgvn-teyic-zvtln-rcolf-yztin-ecal6-smlwy-6imph-6isdn-qqe,type1.1,"North America,US,Texas",hu1,Unassigned,1,329856.26283367554,329856.26283367554,,,,,,,0
2026-1-11,ham46-r7u4j-yoyrk-mrnxu-utzq3-c37he-vcns2-gc5yg-jxyv5-mvlhc-gae,type1.1,"North America,US,Texas",hu1,Unassigned,1,329856.26283367554,329856.26283367554,,,,,,,0
2026-1-11,neypk-wxwvh-bzfjp-vavf3-hy5nz-wl6we-dbh3z-viyiu-d33wb-4zh4y-rae,type1.1,"North America,US,Texas",hu1,Unassigned,1,329856.26283367554,329856.26283367554,,,,,,,0
2026-1-12,ghmoa-vaks4-tubtk-z3wml-wglax-lrfzt-6lh7y-uwgzg-ly4iv-zubjh-iqe,type1.1,"North America,US,Texas",hu1,Unassigned,1,329856.26283367554,329856.26283367554,,,,,,,0
2026-1-12,7r64j-zqmz7-krqtz-zetpm-x56et-wkege-el55a-nbgwx-dffso-lbtob-4qe,type1.1,"North America,US,Texas",hu1,Assigned,1,329856.26283367554,329856.26283367554,2zs4v-uoqha-xsuun-lveyr-i4ktc-5y3ju-aysud-niobd-gxnqa-ctqem-hae,0.0016629711751662973,16181,1,0.00006179705846001731,0,
2026-1-12,wxhcm-5armm-j6fvs-lts6q-waitz-k6t4q-ncfbh-2t6ee-nv2tn-keod2-uae,type1.1,"North America,US,Texas",hu1,Unassigned,1,329856.26283367554,329856.26283367554,,,,,,,0
2026-1-12,wh2dv-njrdv-4xdwd-dflb2-mjoel-l6pkz-e37ap-pkcjx-jyasn-hawsc-wqe,type1.1,"North America,US,Texas",hu1,Assigned,1,329856.26283367554,329856.26283367554,qdvhd-os4o2-zzrdw-xrcv4-gljou-eztdp-bj326-e6jgr-tkhuc-ql6v2-yqe,0.009480762870686804,8914,75,0.008343530982311715,0,
2026-1-12,wix7d-hb2a6-2pcsi-xwm54-gmlxk-gfh3d-dtfog-h7o35-vzm56-w7h34-6qe,type1.1,"North America,US,Texas",hu1,Assigned,1,329856.26283367554,329856.26283367554,pzp6e-ekpqk-3c5x7-2h6so-njoeq-mt45d-h3h6c-q3mxf-vpeq5-fk5o7-yae,0.00497642744892614,3678,0,0,0,
2026-1-12,ayugg-n2ex3-azu4v-3sddp-mtbj5-k3ygp-tcmmy-pp2f3-3faes-hw77i-aqe,type1.1,"North America,US,Texas",hu1,Unassigned,1,329856.26283367554,329856.26283367554,,,,,,,0
2026-1-12,5qmio-5ls3e-yujlz-eqt7k-qk5ys-bscfd-7w2rn-2q3fq-6smjq-n7asc-xae,type1.1,"North America,US,Texas",hu1,Unassigned,1,329856.26283367554,329856.26283367554,,,,,,,0
2026-1-12,6pt6z-rdv25-glenj-xvuq3-zdeeu-4c74r-smqeh-tgt34-exgd6-2wxvv-eqe,type1.1,"North America,US,Texas",hu1,Assigned,1,329856.26283367554,329856.26283367554,yinp6-35cfo-wgcd2-oc4ty-2kqpf-t4dul-rfk33-fsq3r-mfmua-m2ngh-jqe,0.0026955907836467494,15480,8,0.0005165289256198347,0,
2026-1-12,xcfmt-vumwz-773ew-pvwnt-lgwlu-prfzm-lvitu-bx7ru-ncgqg-srhut-mae,type1.1,"North America,US,Texas",hu1,Unassigned,1,329856.26283367554,329856.26283367554,,,,,,,0
2026-1-12,m2g5i-bmomq-dyjao-k642i-fsfxg-trxki-6i42q-hm6ec-xu5cd-n5jhq-sqe,type1.1,"North America,US,Texas",hu1,Assigned,1,329856.26283367554,329856.26283367554,tdb26-jop6k-aogll-7ltgs-eruif-6kk7m-qpktf-gdiqx-mxtrf-vb5e6-eqe,0.0017378351539225423,3697,2,0.0005406866720735334,0,
2026-1-12,wqqsg-ww46o-muchq-pty53-amebx-mucdz-ugjkt-fvjqr-5ncmg-knqg4-aqe,type1.1,"North America,US,Texas",hu1,Unassigned,1,329856.26283367554,329856.26283367554,,,,,,,0
2026-1-12,yqbqe-whgvn-teyic-zvtln-rcolf-yztin-ecal6-smlwy-6imph-6isdn-qqe,type1.1,"North America,US,Texas",hu1,Unassigned,1,329856.26283367554,329856.26283367554,,,,,,,0
2026-1-12,ham46-r7u4j-yoyrk-mrnxu-utzq3-c37he-vcns2-gc5yg-jxyv5-mvlhc-gae,type1.1,"North America,US,Texas",hu1,Unassigned,1,329856.26283367554,329856.26283367554,,,,,,,0
2026-1-12,neypk-wxwvh-bzfjp-vavf3-hy5nz-wl6we-dbh3z-viyiu-d33wb-4zh4y-rae,type1.1,"North America,US,Texas",hu1,Unassigned,1,329856.26283367554,329856.26283367554,,,,,,,0
